주제,이야기,링크1제목,링크1홈페이지,링크2제목,링크2홈페이지,링크3제목,링크3홈페이지,포인트1제목,포인트1내용,포인트2제목,포인트2내용,포인트3제목,포인트3내용,경험1제목,경험1내용,경험2제목,경험2내용,연결1제목,연결1내용,연결2제목,연결2내용,연결3제목,연결3내용,길1,길2,정보,전화번호
울진 왕피천,"식생이 우수하고 옛 정취를 느낄 수 있는 ‘울진 왕피천’, 울진의 빼어난 전경과 친환경적이고 우수한 프로그램을 몸소 체험할 수 있는 곳입니다. 멸종위기종과 희귀 야생동식물의 서식지 이며, 생태관광지역으로 지정·보호하고 있습니다. 북서쪽 계곡에서 북동쪽으로 흐르는 장수포천(長水逋川)은 왕피리를 지나면서부터 ‘왕피천’이라 불립니다. 광천과 매화천은 풍경이 수려하기로 유명하고, 특히 불영계곡은 자연명승 제 6호로 지정될 정도로 아름답습니다. 왕피천은 예로부터 사람의 접근이 어려운 오지여서 원시 그대로의 모습을 간직하고 있는데, 어원처럼 ‘왕이 피신해온 곳’이라는 뜻이 담겨있습니다. 옛날 군장국가시대, 강원도 삼척일원을 지배하던 실질국(삼척 김씨)의 마지막 왕(안일왕)이 강릉지방을 지배하던 예국(강릉 김씨)의 침공을 받아 피신하여 오다 지금의 통고산을 넘으며 통곡하였다 하며, 이후 왕피리에 들어와 살았다는 설로 해서 지금도 마을이름이 임광터 병위, 포전 등 그와 관련한 지명으로 불리고 있습니다.",왕피천 생태관광이야기,http://www.wangpiecotour.com,울진군 문화관광 포털사이트,http://www.uljin.go.kr/tour/index.uljin,,,용소,"용이 있었다는 이야기가 전해지는 곳으로, 검푸르고 깊은 수심을 가진 왕피천 대표 소(沼)입니다.",왕피천 제1탐방로 시작지점,왕피천 제1탐방로는 삼근리에서 박달재를 넘어 동수곡 입구 삼거리에서 시작됩니다,,,왕피천피래미체험,"예부터 사람들은 굴구지 마을 앞을 흐르는 왕피천 계곡에서 대나무를 이용해 피라미를 잡아 냇가에서 매운탕을 끓여 먹고, 멱도 감으며 놀았습니다. 이를 2008년에 축제로 되살려 주민들이 직접 준비하고 함께 즐기고 있습니다. 축제는 매년 6월에 진행되며, 은어잡기, 왕피천 보물찾기 등 다양한 체험프로그램이 마련돼 있습니다.",왕피천 생태탐방로,"강을 따라 걷다보면 오르기도 하고 어느새 바위들 사이로 길을 만들기도 하는 왕피천의 생태탐방로는, 다양한 생태자원과 자연 그대로의 모습을 즐길 수 있는 트레킹 명소입니다. 왕피리 코스, 굴구지 코스, 한티재 코스 총 3코스로 이루어져 있습니다. 자연환경해설사의 설명을 들으며 아름다운 꽃과 풍경, 산골의 정취를 만끽할 수 있습니다. 사전 예약제로 운행되고 있습니다.",망양정,"조선시대에 처음 지어진 오래된 누각으로, 성류굴 앞으로 흘러내리는 왕피천을 끼고 동해의 만경창파를 한 눈에 굽어볼 수 있는 언덕에 위치해 있습니다. 관동팔경 중에서도 가장 으뜸으로 꼽히며, 우리나라 동해안에서 몇 안 되는 일출 명소로 유명합니다. 특히 조선 숙종 임금은 관동팔경 중 망양정 경치가 최고라 하여 ‘關東第一樓(관동제일루)’란 현판을 하사하였으며, 이와 함께 숙종(肅宗)과 정조(正祖)의 어제시(御製詩), 정철의 「관동별곡(關東別曲)」 등 다수가 전해지고 있습니다.",울진 금강송군락지,"우리나라에서 가장 대표적인 금강소나무숲인 울진 금강송군락지는 2005년 326ha를 희귀식물 자생지로 분류하여 산림유전자원보호림으로 지정하였습니다. 평균 임령이 150년 정도이며 최고 520년의 노송이 현존하고 있어, 산림청에서는 “에코투어가 이끄는 생태경영림” 사업을 시행하여 숲을 공부하고 탐방할 수 있는 다양한 생태탐방로를 조성하였습니다. 금강송 원시림 보존지역의 대표적인 곳으로, 세계자연유산 등재를 추진할 만큼 보존 가치가 높습니다.",,,퇴계오솔길,,울진왕피천계곡 에코투어사업단,054-781-8897
남해 앵강만,"동해를 닮은 절벽과 서해를 닮은 갯벌, 남해의 몽돌해변을 모두 품고 있는 남해 앵강만. 다채로운 바다의 풍광을 만날 수 있는 곳입니다. 점점이 박혀 있는 섬들과 끝없이 펼쳐져 있는 바다의 전경을 보고 싶으면 금산, 호구산, 설흘산 등 앵강만을 둘러싼 높고 낮은 산에 오르면 됩니다. 또 해안가를 따라 걷다가 쉬고 싶으면 신전마을, 홍현마을, 숙호마을, 두곡마을, 원천마을 등 바닷가 마을마다 방풍림으로 형성된 해안 숲 그늘에서 숨을 고르면 됩니다. 다양한 해안선의 모습과 너른 들녘을 따라 굽이치는 풍광만으로도 가치가 있지만, 자연환경해설사의 해설을 들으며 바래길을 걷다가 듣는 신비로운 전설과 어촌에 담긴 이야기를 알아가는 재미가 더해집니다.",남해군 문화관광 포털사이트,http://tour.namhae.go.kr/main.web,,,,,가천 다랭이마을,"명승 다랭이 논의 전경이 아름다우며, 조상들이 거친 해풍을 받아가며 계단식 논을 조성했다는 스토리텔링으로 유명한 곳입니다.",노도,앵강만을 지키는 앵강만을 지키는 노도는 섬 속의 섬으로 서포 김만중 선생께서 유배중 구운몽을 집필한 곳이라는 설이 있으며 김만중의 유허지로 알려진 곳이 위치해 있습니다.,두모마을,"갯벌체험, 씨카약을 즐길 수 있으며 혼합갯벌이 펼쳐져 있는 남해군 대표 생태체험마을입니다.",다랭이마을,"바다를 끼고 있지만 배 한 척 없는 마을로 마늘과 벼가 주요 소득 작목입니다. 남단에 위치해 한겨울에도 눈을 구경하기 어려운 따뜻한 곳입니다. 해풍의 영향으로 작물의 병해충 발생률이 낮아 친환경농업이 가능한 곳이기도 합니다. 바다 래프팅 및 소 쟁기질 체험, 운동회, 캠프파이어, 모내기, 짚공예 체험 등 마을 투어 프로그램을 상시 진행하고 있습니다.",두모마을,"두모마을은 산과 바다가 조화를 이루고 있는 마을입니다. 두모마을의 옛 이름은 드므개였습니다. 드므개는 큰 항아리처럼 담긴 바닷가라는 뜻입니다. 2008년 환경부장관 지정 자연생태 우수마을로 선정되었으며, 제초제를 사용하지 않고 친환경 농법으로 농사를 짓고 있습니다. 푸른 바다에서는 조개와 고동, 해조류를 채취하고, 제철 고기를 잡아 즉석에서 맛볼 수 있습니다. 역사와 바다, 영농체험이 시기별로 마련되어 있습니다.",한려해상국립공원(금산),"바다 속의 신비한 명산이라 하여 ‘소금강산’, 또는 ‘봉래산(蓬萊山)’이라 했습니다. 남해바다에 우뚝 솟은 기암괴석은 속세를 벗어난 신비로움을 자아냅니다. 발 아래로는 남해안에서 가장 큰 규모의 낙엽수 군락과 기암괴석, 남해바다가 펼쳐져 있습니다.",호구산 군립공원,"호랑이가 누워있는 형상을 한 호구산(619m)은 앵강만을 정면에서 조망할 수 있습니다. 산자락에는 전통사찰 용문사와 미국마을이 자리 잡고 있고, 바다로 뻗은 해안선에는 앵강 해안숲이 조성되어 있습니다. 용문사 인근에는 야생차와 동백나무 군락지가 잘 보전되어 있습니다.",,,순천만백리길,,(사)남해군생태관광협의회,055-862-8677
안산 대부도·대송습지,"100km에 이르는 해안선을 보유한 ‘안산 대부도 대송습지’, 대부 해솔길과 대송습지라는 천혜의 자원을 갖고 있어 서해의 보물섬이라 불립니다. 특히 대송습지는 서해안 최대의 습지로서, 130여 종의 조류가 서식하는 생태관광의 명소로 떠오르고 있습니다. 대부도는 서해안의 가장 큰 섬으로 남양 쪽에서 바라보면 큰 언덕처럼 보인다 하여 고려시대부터 대부도(大阜島)라 이름이 붙여졌습니다. 섬 모양에 착안해 ‘낙지섬’, ‘연화부수지’라고도 불립니다. 최근 세계 최대 규모 시화호조력발전소 75m 달전망대와 74km 생태길 대부해솔길, 구봉도 낙조전망대, 대부바다향기테마파크 등 다양한 콘텐츠의 여행명소임과 동시에 수도권 최고의 해양생태 관광지로 부각되고 있습니다.",대부도투어,http://daebudotour.com,안산시 문화관광 포털사이트,http://tourinfo.iansan.net,,,탄도바닷길,"탄도는 대부도 본섬과 선감도, 불도에 이어 네 번째로 큰 섬입니다. 누에섬등대전망대에 오르면 탄도 앞바다에 있는 누에섬까지 바다가 갈라지며 길이 드러나는 장관을 내려다 볼 수 있습니다. 서해안의 낙조가 아름다워 풍경사진을 찍는 여행자의 사랑을 받고 있습니다.",대부 해솔길 시작점,"대부도 걷기 좋은 길 조성사업으로 만들어진 아름다운 산책길입니다. 대부도 해안선을 따라 자연 경관을 바라보면서 걸을 수 있도록 만들어져 있으며, 총 7개 코스로 나뉘어 있습니다. 코스별로 소나무숲길, 염전길, 시골길 등 다양한 풍경이 펼쳐집니다(총 길이 74km).",낙조전망대,"대부해솔길 1코스의 대표적 관문인 개미허리 아치교를 지나 구봉도 끝자락에 위치한 낙조전망대. ‘석양을 가슴에 담다’ 라는 뜻을 가진 동그란 띠와 석양 모양의 구조물로, 그 사이로 보이는 석양이 무척이나 아름답습니다. 대부도 최고의 포토존으로 손꼽히는 곳으로서, 바다와 석양을 배경으로 사진을 남길 수 있습니다.",선감 어촌 체험 프로그램,"탄도는 대부도 본섬과 선감도, 불도에 이어 네 번째로 큰 섬입니다. 누에섬 등대 전망대로 유명하며, 최대 높이 8m 내외의 밀물과 썰물이 하루 2차례씩 드나듭니다. 이때 바다가 갈라지며 길이 드러나는 신비한 현상과 서해안의 낙조로 장관을 연출하면서 여행자의 사랑을 받고 있습니다. 대부도 해솔길 제 6코스에 해당하는 탄도항에는 안산어촌민속박물관과 누에섬 등대 전망대가 있으며, 조개잡이 체험, 갯벌 체험, 망둥어 낚시 등 다양한 체험프로그램이 준비되어 있어 가족 단위로 갯벌 체험을 즐기는 여행자들도 많습니다.",대부바다향기테마파크,"시화호 남측 간석지인 대송단지 내에 여의도공원의 약 4.3배인 약 98만㎡ 규모로 조성된 대부바다향기테마파크는 갈대와 꽃 등이 어우러진 수도권 최대 규모의 생태관광 공간입니다. 대형 풍차와 작은 풍차 등 10여 개의 풍차와 정자 등이 배치돼 갈대습지의 운치를 더하고, 자전거를 타거나 산책을 할 수 있는 5km의 메타세콰이어 길도 있습니다.",시화방조제 전망대,시원한 바닷바람과 함께 눈앞에 펼쳐진 바다의 시원함은 막힌 가슴을 확 틔게 해 줍니다. 25층 건물의 시화방조제 전망대는 안전을 위해 입장할 수 있는 인원을 150명으로 제한하고 있습니다.,안산갈대습지,"시화호로 유입되는 지천의 수질개선을 위해 조성한 104만㎢의 국내 최대 규모 인공습지 공원입니다. 갈대숲, 조류관찰대, 시화호 상류 풍경이 수도권 시민들의 휴식처로 제격입니다.",,,시흥늠내길,북악산산사길,대부도생태관광협의체,070-4520-2523
평창 어름치마을(백룡동굴),"생태계의 보물창고인 ‘동강’, 특이한 지형과 수려한 경관을 자랑하며 희귀한 야생동식물의 서식처로서 생태적 가치가 특별한 지역입니다. 동강에 사는 여러 종류의 희귀동식물을 보전하기 위해 댐 건설을 포기한 이래, 현재는 환경부가 생태경관지역으로 지정, 보호하고 있습니다. 동강, 백운산, 창리천 등 천혜의 자연환경이 원형 그대로 보존된 이곳은 생태관광을 즐길 수 있는 최적지이며, 단순 관람이 아닌 탐사형태로 진행되는 생태체험프로그램 운영을 원하는 가족 및 학교 등의 생태교육 1번지입니다.",마하리 어름치마을,http://www.mahari.kr,평창문화관광 포털사이트,https://tour.pc.go.kr,,,칠족령 탐방로,"옛날 한 선비가 옻나무 진이 묻은 개발자국을 따라가던 길에 보게 된 동강의 풍광에 감탄하며 이곳에 칠족령이라는 이름을 붙였다고 합니다. 평창과 정선을 잇는 백운산을 넘어가는 고갯길로, 약 1.6km를 걸어 전망대에 오르면 절벽에 막혀 급하게 꺾이곤 하는 동강의 멋진 비경을 한눈에 담을 수 있습니다.",백룡동굴,"마라리 동강변 절벽에는 석회동굴인 백룡동굴이 있습니다. 동강의 수면 위에서 약 10～15m 지점에 입구가 있어 과거에는 배를 타야만 접근이 가능했다고 합니다. 가이드의 안내를 따라 동굴에 들어서면, 태초와 같은 어둠 속에 종유관, 종유석, 석순, 석주 등 다채로운 생성물들이 신비로운 풍경을 연출합니다.",어름치마을,"평창군의 남동쪽, 산들이 병풍처럼 둘러쳐져 있는 30여 가구 규모의 아담한 마을입니다. 인근에 백운산과 칠족령, 백룡동굴, 황새여울 등 수려한 경관자원이 위치해 있으며, 천연기념물 어름치와 동강할미꽃 등 희귀종들이 서식해 생태학적 가치도 높습니다. 동강댐 건설로 인해 수몰될 위기도 있었으나, 지금은 역동적인 모험과 자연이 함께하는 생태관광을 즐길 수 있는 마을로 유명합니다.",동강래프팅/인플래터블 카약/스카이라인 점프,동강의 절매코스는 새로운 래프팅코스로 급부상하고 있습니다. 이곳은 특히 수량이 안정적이어서 남녀노소 누구나 안전하게 래프팅을 즐길 수 있습니다. 일반적인 짚라인 시설 뿐만 아니라 스카이점프와 패키지로 운영하여 이용객의 만족도가 높습니다.,백룡동굴 생태체험,"평창의 오래된 속살을 보고 싶다면 백룡동굴을 탐사하는 것이 좋습니다. 1979년 2월 천연기념물 제 260호로 지정된 백룡동굴은 지난 2010년까지 미공개 동굴로 남아 있다가 그 해 7월부터 개방되기 시작하였습니다. 관람 시에는 관리사무소에서 제공하는 옷을 입고, 헤드랜턴이 달린 헬멧을 착용합니다.",대관령 양떼목장,"대관령 정상에 위치한 우리나라 유일의 양 목장으로, 태백산맥의 웅장한 자태와 목장 산책로의 아기자기한 모습은 한 폭의 동양화를 연상케 합니다.",월정사,1964년 탄허스님이 적광전을 중건한 뒤로 만화스님과 현해스님에 이르기까지 꾸준히 이룩하여 어엿한 대가람의 모습을 되찾게 되었습니다.,,,대암산 생태탐방로,,마하리어름치마을생태관광협의회,033-332-1260
괴산 산막이 옛길과 괴산호,"전국 2시간대 접근성의 대한민국 중심부에 위치한 ‘괴산 산막이옛길과 괴산호.’ 산으로 둘러싸인 이곳은 인위적 훼손을 막기 위해 자연환경 보호지역으로 지정관리하고 있으며, 국립공원과 백두대간 보호지역이 인접하고 있어 훼손되지 않은 우수경관을 간직하고 있습니다. 또한 전국 5개소에만 있는 천연기념물 미선나무 자생군락지가 괴산에만 3개나 존재하고 있어 더욱 특별합니다. 이곳은 충북 괴산군 칠성면 외사리 사오랑 마을에서 산막이 마을까지 연결됐던 10리의 옛길로, 흔적처럼 남은 길에 덧그림을 그리듯 그대로 산책로를 복원하였고, 친환경 공법을 활용한 데크로 만들어져 환경 훼손을 최소화한 자연미 그대로를 보여주고 있습니다. 옛길을 따라 펼쳐지는 산과 물, 숲의 아름다움은 괴산의 백미로 손꼽힐 만합니다.",산막이옛길,https://www.goesan.go.kr/tour/contents.do?key=863,괴산군 문화관광 포털사이트,https://www.goesan.go.kr/tour/index.do,  ,  ,한반도 전망대,"산막이옛길 코스에서 천장봉을 조금 지나다 아래를 내려다보면 우리나라 지도와 비슷한 지형이 눈에 띈다 하여, 서 있는 곳을 한반도 전망대라 이름 붙였습니다. 길을 걷다가 한숨 돌리며 쉬어가기 좋습니다.",산막이 옛길,"산막이마을 주민들이 하나 둘 마을을 떠나면서 차츰 잊혀져가던 십리의 옛길을 현재의 트렌드에 맞게 자연스럽게 이은 길이 바로 ‘산막이옛길’입니다. 발길마다 활엽수 숲이 시원한 그늘을 드리워주는 산막이옛길은 경사가 완만하여 남녀노소 누구나 쉽게 걸을 수 있습니다. 연리지, 소나무 동산, 망세루 등 26개의 스토리텔링을 담은 볼거리가 군데군데 이어져 걷는 이에게 소소한 재미를 안겨 줍니다.",,,강바람을 맞으며,"사계절이 아름다운 산막이 옛길 및 괴산호에서 당일코스로 즐길 수 있는 체험프로그램으로, 옛날 교통수단이었던 나룻배로 강을 건너며 시골 마을의 풍경을 즐길 수 있습니다. 계절별로 하늘스런 나비이야기, 돌무지헐어 민물고기 잡기, 농산물체험, 김장체험 등의 다양한 선택체험이 준비되어 있으며, 숲해설가와 함께하는 산막이 옛길 둘레길을 따라 몸과 마음을 정화하는 시간을 만끽할 수 있습니다.",올갱이가 전하는 오감만족,"둔율 올갱이마을을 대표할 수 있는 다슬기가 백운천을 흐르며 잘 자라고 있습니다. 올갱이에 거부감을 느낄 수 있는 아이들도 올갱이 잡기 체험부터 삶은 올갱이 까기, 올갱이 전 만들어먹기 등 직접 요리하는 체험과정을 통해 올갱이와 더욱 친근해질 수 있으면서 올갱이의 모든 것을 느낄 수 있습니다.",쌍곡구곡 소금강,"쌍곡구곡은 괴산에서 연풍 방향으로 12㎞ 지점의 칠성면 쌍곡마을로부터 제수리재에 이르기까지의 10.5㎞ 구간으로, 호롱소, 소금강, 병암(떡바위), 문수암, 쌍벽, 용소, 쌍곡폭포, 선녀탕, 장암(마당바위) 등으로 이루어져 있습니다. 천연의 수려한 자연경관을 보전하고 있는 쌍곡구곡은 산수가 아름다워 조선시대 퇴계 이황, 송강 정철 등 당시 수많은 유학자와 문인들이 쌍곡의 산수경치를 사랑하여 이곳에서 소요하였다고 합니다.",미선나무 자생지,"미선나무는 한국에서만 자라는 희귀식물로 개나리와 같은 과에 속하며, 이른 봄 꽃이 잎보다 먼저 나옵니다. 열매의 모양이 부채를 닮아 꼬리 미(尾), 부채 선(扇)자를 써 미선나무라 하는데, 하트모양과 비슷합니다. 괴산의 미선나무 자생지는 우리나라에만 있는 미선나무가 모여 자라는 곳으로, 그 희귀성과 식물 분류 및 분포학적 가치가 높이 평가되어 천연기념물로 지정, 보호하고 있습니다.",,,태안 솔향기길,,산막이옛길 영농조합법인,043-832-3527
서귀포 효돈천과 하례리,"한라산에서 서귀포 바다에 이르는 13km 하천, ‘서귀포 효돈천’은 천연기념물 제182호입니다. 효돈천 주변에는 난대식물대, 활엽수림대, 관목림대, 고산림대 등 한라산 식물군이 모두 존재합니다. 특히 법적으로 보호받는 한란, 돌매화나무 등이 자생하고 있으며, 이 구역을 천연보호구역으로 지정·보호하고 있습니다. 생물권보전 핵심지역인 하례리는 제주도 남쪽에 위치해 따뜻하고, 제주 한란과 춘란, 왕벚나무의 자생지이기도 합니다. 1300년 탐라는 15개의 현촌을 설치했는데 그 중 호촌현이 오늘날 신하례리를 관할했고, 1946년 제주도제가 실시되면서 ‘하례리’가 되었습니다. 하례리마을에는 자연과 역사가 아름답게 어우러져 있습니다.",하례리생태관광마을,http://ecori.kr/,제주 관광 포털사이트,https://www.visitjeju.net/kr, , ,우금포,"미역, 소라, 전복 등을 따는 일종의 어장입니다",걸세오름,"남원읍 하례1리 뒤편에 위치한 오름으로, 오름 서쪽기슭으로 효돈천을 끼고 있습니다. 오름은 2개의 화산체로 구성되어 있으며, 마을에서는 남서쪽 봉우리를 서걸세 북동쪽 봉우리를 동걸세라 부르고 있습니다. 일주도로 효례교 옆 하례리 입구로 효돈천을 따라 올라가면 동걸세 기슭까지 갈 수 있습니다. 이 오름은 일부 숲을 제외하고는 기슭에서 중턱까지 온통 감귤밭이 조성되어 있으며, 60년대에는 비석을 만들기 위한 채석장으로 이용되어 왔으나 현재는 흔적만 남아 있습니다.",남내소,"효돈천 남쪽의 큰 '소'라 하여 남내소라 합니다. 아무리 가물어도 언제나 물이 가득하고, 괴에는 박쥐가 서식합니다.",오감 만족 트레킹,"원시 자연의 숨결을 느끼면서 몸으로 즐길 수 있는 프로그램입니다. 땀을 흘려서 느낄 수 있는 상쾌함, 마음을 열어야 받을 수 있는 숲의 기운이 당신을 기다립니다.",효돈천 생태 탐험대,"제주의 자연을 지켜나갈 우리 아이들에게 자연을 알릴 수 있는 프로그램으로, 제주의 독특한 생태계와 식물을 찾아 탐험하면서 자연의 소중함을 배울 수 있습니다. 3개의 프로그램이 주마다 변경되며, 원하는 프로그램이 있으면 직접 문의하시면 됩니다.",머체왓숲길,"'머체왓'이라는 말은 이 일대가 머체(돌)로 이루어진 밭(왓)이라는 데서 붙여진 명칭입니다. 드넓은 목장 초원을 기반으로 목축업이 발달했던 이 곳, 수려한 서중천 계곡을 끼고 있는 한남리, 목장을 중심으로 넓은 초원과 삼나무숲, 편백나무 숲 등 이길게 형성된 숲터널, 서중천 계곡을 끼고 거닐 수 있는 탐방로 등 제주도 자연이 줄 수 있는 모든 것을 가진 곳입니다.",제주올레5코스,일출봉이 아스라이 보이는 남원포구에서 시작해 대한민국에서 가장 아름다운 해안 산책로로 꼽히는 큰엉 경승지 산책길을 지나 민물과 바닷물이 만나는 쇠소깍까지 이어지는 길입니다. 오감을 활짝 열고 걷는 바당올레와 마을올레입니다. 키가 훌쩍 큰 동백나무로 울타리를 두른 마을 풍경이 멋스럽습니다.,,,,,하례리생태관광마을협의체,064-733-8009
서산 천수만,"‘천수만’은 과거 갯벌이었던 지역에 정부 주도 하의 간척사업이 진행되면서 4700만 평에 달하는 넓은 간척지와 담수호가 생겨난 곳입니다. 1995년 농지조성공사를 완료하고 농사를 시작한 이래 곡식 낱알은 갈수록 풍부해졌고, 갈대숲이 형성되면서 황새, 흑두루미 등 국제멸종위기종을 비롯해 현재까지 철새 320여 종, 하루 최대 50여만 마리의 철새가 찾아오는 세계적 철새도래지가 되었습니다. 이 얕은 바다 천수(淺: 얕을 천, 水: 물 수)에서 끊임없이 생태계는 발전했고, 어느새 생태학적 보고를 이룬 ‘서산 천수만’으로 거듭났습니다.",서산버드랜드,http://www.seosanbirdland.kr,서산시 문화관광 포털사이트,http://www.seosan.go.kr/tour/index.do, , ,탐조대,"볏짚을 재료로 만든 탐조시설로서, 탐조투어 시 새들에게 방해를 주지 않고 관찰할 수 있습니다.",서산버드랜드,"일반인들이 천수만 간척지의 철새를 관찰하려면 서산 버드랜드의 탐조투어 프로그램을 이용하는 것이 좋습니다. 서산 부석면 창리의 야트막한 산자락에 위치한 서산 버드랜드는 천수만의 철새를 테마로 한 체험과 교육 중심의 생태 프로그램을 운영하며, 철새기행 행사, 여름방학 프로그램 등 특별 생태 프로그램도 매년 개최하고 있습니다.",빛들마을,"서산시 부석면 마룡리에 위치한 농촌 전통테마 마을로서, 올챙이와 함께 체험, 뗏목체험, 농사체험, 전통 들기름 짜기 등의 프로그램이 운영되고 있습니다.",탐조투어,"천수만 철새탐조투어(3~5월, 10~12월)는 일반 및 심층탐조, 도요새 탐조로 진행되며, 연중 진행되는 서산천수만 생태문화탐방(조달청 등록, 운영 중)은 4개 코스(논, 경관, 탐조, 역사탐방)로 이루어집니다.",서산 버드랜드 철새기행전,"서산 버드랜드에서는 세계적인 철새 도래지인 서산 천수만을 체계적으로 보전·관리하고, 체험·교육 중심의 생태관광 활성화에 주력하고 있습니다. ‘새들의 천국’이라는 별명에 걸맞게 여러 가지 다양한 체험 프로그램을 진행하고 있습니다. 철새탐조대회, 새와 가족 만들기 등 다양한 프로그램과 박물관 및 4D영상, 둥지전망대 관람 등을 상설 운영하고 있습니다.",부석사,"부석사는 서산시 부석면 취평리의 도비산에 위치한 고사찰입니다. 부석사의 창건연대는 신라 문무왕 17년(677)으로 의상대사가 지었으며, 그 뒤 무학대사가 중수하였다고 전해집니다. 1995년도에 부석사 극락전의 노후 해체 복원 공사 시 극락전의 대들보 속에서 발견된 기록문으로 보아 문무왕 때 창건, 일제 말에 중수된 건물임을 알 수 있습니다. 현재 부석사에 현존하는 건물로 극락전, 안양루 그리고 같은 건물로 연결된 심검당, 무량수각이 남아 있습니다. 도비산에 임도가 개설되어 있어 부석사를 쉽게 찾아갈 수 있으며, 서해바다가 한눈에 바라보이는 전망을 가져 많은 관광객들부터 각광을 받고 있습니다.",해미읍성,"충남 서산시 해미면에 있는 읍성으로, 성의 둘레에 탱자나무를 돌려 심었기 때문에 탱자성이라고도 했습니다. 읍성은 지방 행정 관청이 있는 마을에 들어서며, 행정적인 기능과 군사적인 기능을 함께 갖는 형태로 평시에는 행정중심지가 되고 비상시에는 방어기지가 되었습니다. 1866년 병인박해 때 천주교 신자들 1,000여 명이 처형되었던 곳으로, 김대건신부의 증조부도 이곳에서 순교했다고 전해집니다. 천주교 박해와 관련된 유적으로 천주교인을 처형한 회화나무와 사형대 등이 남아 있는데, 이 회화나무에 신자들의 머리채를 묶어 매달아서 고문을 하였으며 그 흔적으로 지금도 철사줄이 박혀있습니다. 해미읍성은 우리나라에 남아있는 읍성으로는 원형이 가장 잘 남아 있어 대표적인 표본이 되며, 우리나라 천주교의 성지로서 역사적 의의가 있는 유적입니다.",,,태안 솔향기길,,서산버드랜드사업소,041-661-8054
강릉 가시연습지경포호,"관동팔경 중 제 일경인 ‘경포호’, 절경과 호연지기로 알려진 곳입니다. 율곡이 태어난 보물 제165호 ‘오죽헌’, 국가지정 중요민속자료 제5호 전통가옥 ‘선교장’ 등이 소재하며, 최초의 한글소설을 쓴 허균과 여류 문인 허난설헌의 생가가 있습니다. 경포호, 경포대, 금란정 등은 문화재로 지정되어 있습니다. 석호에 대한 습지 복원 사업 시행 후 멸종위기 동물과 수생태계가 복원됐고, 가시연습지는 생태습지로 거듭났습니다. 이곳 ‘경포 지역’에는 재미있는 설화가 있습니다. 고려 말 박신이 순찰 중 기생 홍장을 만나 사랑하게 되었는데, 강릉부사 조운휼이 박신을 놀릴 생각으로 “홍장이 밤낮 그대를 생각하다 죽었다”고 해 몸져눕게 되었습니다. 이에 “경포대에 달이 뜨면 선녀들이 내려오니 홍장도 내려올지 모른다”며 박신을 호수로 데려갔고, 거기서 둘이 극적인 재회를 했다는 이야기가 전해집니다. 경포호에는 아직 홍장암이 있어 설화의 명맥을 이어주고 있습니다.",강릉시 문화관광 포털사이트,http://www.gntour.go.kr,,,,,순포습지,"멸종위기종인 순포가 많았다 하여 순포로 불립니다. 전국내륙습지조사(2003, 환경부)에서 규모는 작지만 전형적인 동해안 석호(潟湖)의 특성을 간직하고 있으며 교육현장으로서의 가치가 높은 것으로 평가되었습니다. 2016년 말까지 주변의 농경지를 다시 습지로 되살리는 복원사업을 진행 중입니다.",경포호,"수면이 거울과 같이 잔잔하고 맑다 해서 경포라고 부르는 강릉 경포호. 여러 자연현상으로 인해 이동된 모래가 바다의 일부를 막아 생겨난 동해안 대표 석호(潟湖)로, 민물에 바닷물이 섞여드는 곳입니다. 옛날에는 둘레가 12km나 됐다고 하나, 주변의 습지를 농지로 개간하여 지금은 원래 크기의 3분의 1정도 밖에 되지 않는다고 합니다. 경포대를 중심으로 호반에 산재한 역사적 누정(경포대, 해운정, 경호정, 금란정, 방해정, 호해정, 석란정, 창랑정, 취영정, 상영정, 월파정)과 경포해수욕장 및 주변의 울창한 송림지대를 한 번에 탐방할 수 있습니다.",경포가시연습지,"경포가시연습지는 환경부 생태하천복원사업의 일환으로 복원된 습지입니다. 복원사업 후 멸종위기종 가시연이 되살아난 생태습지로, 인근 녹색도시체험센터 e-zen과 연계된 다양한 생태체험 프로그램이 준비되어 있습니다.",경포 가시연습지 생태탐방,"경포가시연습지는 환경부 생태하천복원사업의 일환으로 7여 년의 기간 동안 조성, 복원된 복합기능의 습지로 생태관광, 자연학습, 탄소중립, 수질정화 및 녹색갈증 해소 등 풍부한 생태계 서비스를 제공하고 있습니다. 철새 탐방 프로그램(연중), 가시연습지 탐방 프로그램, 농촌체험 프로그램(동계 제외) 등 다양한 생태 체험 프로그램과 함께 할 수 있습니다.",녹색도시체험센터(e-zen),"녹색도시체험센터(e-zen)는 강릉저탄소녹색시범도시 선도사업이자 랜드마크로 건립된 에너지제로건축물로서 친환경녹색기술이 집약된 전국 최초의 시설입니다. 탄소제로체험 프로그램, 초록시스템견학, 자연생태체험프로그램, 자원순환 프로그램 등 다양한 체험 프로그램이 운영되고 있습니다.",오죽헌,"1963년 보물 제 65호로 지정된 오죽헌은 우리나라 대표 어머니상인 신사임당(1504∼1551)과 그의 아들 율곡 이이(1536∼1584)가 태어난 유서 깊은 곳입니다. 사랑마당, 행랑마당, 뒷마당을 담으로 넓게 나누어 놓아 전통가옥의 멋을 더해주고 있습니다.",선교장,"조선 말기의 저택으로 안채, 사랑채, 별당, 정각, 형량채 등의 구조를 가지고 있으며, 옛 생활 문화를 연구하는데 중요한 자료입니다. 태종의 둘째 아들 효령대군의 11대손 이내번이 서북쪽으로 이동하는 족제비 무리를 쫓다가 이곳에 이르러 아흔 아홉 칸의 선교장을 짓게 되었다고 합니다.",,,대암산 생태탐방로,,강릉생태관광협의회,033-923-0299
고창 고인돌운곡습지,"세계문화유산인 고인돌 유적이 현존하는 ‘고창 운곡람사르습지’, 과거 계단식 논 경작지였으나 폐경 등으로 인해 자연적 천이과정을 거쳐 습지생태계로 복원되었습니다. 운곡람사르습지는 동산지형 저층습지로 그 생태적 가치가 높아 습지보호지역으로 지정되었습니다. 식물상(376종), 육상곤충(390종), 양서파충류(12종), 조류(51종) 등 총 864종의 동식물 생물다양성이 높고, 멸종위기 야생 동식물 및 희귀종의 생태적 서식지로서도 보전가치가 높습니다. 이곳은 또한 운곡지구의 화시봉을 중심으로 하여 고창고인돌 유적, 서산산성 등 역사문화자원이 풍부한 유서 깊은 곳으로, 세계문화유산으로 지정된 다양한 고인돌을 접할 수 있는 유일한 곳으로서 선조들의 삶을 조명할 수 있는 생태적 사료의 가치가 살아있는 지역적 보고입니다.",고창운곡습지생태관광협의회,http://www.ungokecotour.co.kr,고창군 문화관광 포털사이트,http://www.gochang.go.kr/culture/index.gochang, , ,고인돌박물관,"고창은 고인돌이 많기로 유명합니다. 아산면 일대에는 약 1,700제곱미터 내 447기의 고인돌이 모여 있으며, 유네스코 세계문화유산이자 동양 최대 고인돌 군락지로서 알려져 있습니다. 고인돌 공원에는 푸른 산비탈 위에 직접 눈으로 볼 수 있는 고인돌들이 늘어서 있고, 공원 내 박물관에서 청동기시대 생활상 및 각종 유물, 세계의 고인돌 문화를 체험할 수 있습니다.",동양최대고인돌,"상석의 높이가 5m, 가로길이가 7m에 이르며, 덮개돌의 무게만 약 300톤으로 추정되어 ‘300톤 고인돌’이라고도 불립니다.",운곡습지,"2011년 람사르습지로 등록된 오베이골 운곡습지, 30년이 넘은 폐농경지 일원이 자연 스스로 저층 산지습지로 복원되어 그 의미가 특별한 곳입니다. 멸종위기종 수달, 황새, 삵, 담비 등이 서식하여...",운곡습지로 떠나는 힐링여행,"운곡서원과 용계마을 사이의 약 8km 구간을 트랙터 열차를 타고 떠나는 습지 투어입니다. 고려 전기 청자 작업장이었던 용계리 청자 도요지, 조선후기에 창건돼 유학자들의 학문과 덕행을 추모하는 위패를 모신 운곡서원, 그리고 동양 최대 고인돌인 300톤 고인돌을 관람하는 코스로, 생태체험 뿐만이 아니라 역사문화 탐방을 동시에 즐길 수 있습니다.",1박2일 운곡습지 생태탐방과 전통문화체험,"당일체험에서 경험해 볼 수 있는 다양한 체험프로그램과 더불어, 다채로운 전통여행과 시골민박체험이 마련되어 있습니다. 9개 민박에서 마을 할머니와 정겹게 식사하며 이야기를 나누기도 하고, 마을을 둘러보며 산책도 즐길 수 있습니다. 덕천사와 삼오정 나들이, 전통 예절체험·시조체험·다도체험 등 다양한 전통체험도 준비되어 있습니다.",고창 청보리밭,"고창의 넓고 아름다운 보리밭이 사진작가들과 여행 동호인들에게 알려지면서 관광객이 늘어나 행정력으로 질서 유지를 해야 할 정도에 이르자, 방문객들의 불편 해소와 지역 문화를 체계적으로 소개할 필요의 목소리가 커지면서 지역 주민과 고창군청이 합의하여 2003년부터 고창 청보리밭축제를 개최하기 시작하였습니다.",고창읍성,"고창읍성은 조선 단종 원년(1453)에 외침을 막기 위하여 전라도민들이 유비무환의 슬기로 총화, 축성한 자연석 성곽입니다. 일명 모양성(牟陽城)이라고도 하는 이 성은 나주진관의 입암산성과 연계되어 호남 내륙을 방어하는 전초기지로 만들어졌습니다.",,,고창생태문화탐방로,변산마실길,고창운곡습지생태관광협의회,063-564-5582
순천 순천만,"우리나라 연안습지 중 첫 번째 람사르습지인 ‘순천 순천만’, 우리나라 최대 흑두루미(천연기념물 제 228호) 서식지로 알려져 있습니다. 천연기념물 흑두루미를 비롯해 국제적 희귀조류 25종과 한국조류 220여종이 서식하며, 다양한 생태자원을 보존연구체험하기 위해 생태공원이 조성됐습니다. 지금의 이 자연환경은 기록으로도 남아있는데, 삼국시대에는 지금의 도사, 별량, 해룡 지역이 광활한 갯벌과 모래였다는 기록이 있고, 조선시대엔 홍두지역에 곡물을 저장해 임금께 진상하는 해창이 있었다는 기록이 있습니다. 지금 현재는 예전에 존재하고 있던 갯벌부분이 많이 사라졌지만, 순천만 서부와 북부에는 갯벌이 점점 넓어지고 있다고 합니다.",순천만습지,http://www.suncheonbay.go.kr,순천시 관광 포털 사이트,https://www.suncheon.go.kr/tour/, , ,용산전망대,갈대밭을 가로지르는 데크 산책로 끝 지점에서 경사가 완만한 산길을 20여 분쯤 걸어가면 순천만을 한눈에 조망할 수 있는 전망대에 당도합니다. S자형으로 곡선을 그리는 갯골과 갈대밭을 넘어 서산마루에 걸리는 붉은 낙조에 저절로 감탄사를 연발하게 되는 곳입니다.,순천만습지(순천만 자연생태공원),"갯벌, 염습지, 갈대군락 등 여러 생태계가 잘 발달되어 있는 순천만습지에는 무성한 갈대밭을 가로지르는 산책로와 드넓은 갯골을 운항하는 생태체험선, 아름다운 낙조를 감상할 수 있는 용산전망대, 순천만을 알기 쉽게 소개해 주는 자연생태관이 한데 모여 있습니다.",,,순천만 흑두루미 탐조,천학의 도시 생명의 땅 순천만의 자연 생태계를 직접 관찰하고 공감할 수 있는 아주 특별한 생태관광 프로그램입니다.,,,낙안읍성,"성내에 주민들이 직접 살고 있는 우리나라 유일의 살아있는 민속마을입니다. 조선시대 성, 동헌, 객사, 초가가 원형대로 보존되어 성과 마을이 국내 최초로 사적 제 302호에 지정되었습니다.",송광사,송광사는 16국사를 비롯하여 우리나라에서 가장 많은 고승을 배출해 삼보사찰 가운데서도 승보종찰로서 국내외에 널리 알려진 사찰입니다. 대웅보전 앞마당 연못 위에 홍교를 가설하고 그 위에 세운 우화각 주변의 풍광이 무척 수려합니다. 송광사 우화각은 대웅보전 앞마당으로 연못 위에 홍교를 가설하고 그 위에 세운 누각입니다.,,,순천만 백리길,,(사)순천만생태관광협의회,061-741-1991
양구 DMZ,"155마일 휴전선의 중심부에 위치한 ‘양구지역 DMZ’, 1953년 휴전 이후 60년 가까이 사람의 발길이 닿지 않아 원시 자연을 그대로 간직하고 있습니다. 양구군의 자연생태는 DMZ의 청정자연 상태가 그대로 보전돼 산림유전자원 보호구역으로 지정될 만큼 그 보전가치가 높습니다. 1000m가 넘는 산이 빙 둘러싸여 화채 그릇처럼 생긴 ‘DMZ펀치볼’은 한국전쟁 당시의 군사요충지로서, 숱한 전투 속에 수많은 사람이 전사했다 하여 ‘펀치볼’이라는 이름이 붙여졌습니다. 우리나라 해병에 ‘무적해병’이란 이름이 붙은 것도 이곳에서의 ‘도솔산전투’ 때문입니다. 아픈 전쟁의 역사와 생태학적 가치가 ‘양구DMZ’에 공존하고 있습니다.",양구군 문화관광 포털 사이트,http://www.ygtour.kr,,,,,두타연,양구8경 중 하나인 연못으로 주위의 산세가 수려한 경관을 이루며 최대의 열목어 서식지로 알려져있습니다.,생태식물원,휴전선 인근 남한 최북단에 위치한 대암산 기슭에 자리한 곳으로 중부 이남지역과 다른 희귀식물들을 만날 수 있습니다.,파로호 생태탐방로,파로호(破虜湖) 대한민국 최북단에 위치하는 인공호수로 1944년 5월에 화천댐이 건설되면서 만들어진 인공 호수입니다. 면적은 38.9km2으로 10억 톤의 물을 담을 수 있는 규모로 상류에는 평화의 댐이 있습니다.,두타연 1박2일 체험,두타연은 민간인 통제구역으로 50여 년간 출입이 제한되어 오던 곳입니다. '평화의 댐'이 완공되고 관광객의 발길이 늘어나면서 두타연도 2004년 자연생태관광 코스로 개방되었습니다. 이제는 원시자연을 그대로 간직한 청정지역을 누구나 방문할 수 있습니다.,오미리 농촌체험,"오미(五味)리 마을은 다섯 가지 맛을 지닌 마을이라 해서 이름 붙여진 곳이며, 마을 전체가 친환경 농산물을 생산하고 있습니다. 오리농법으로 생산한 오리쌀과 키토산 농법으로 생산한 오대쌀로 밥을 지으면 구수한 밥 냄새가 동네 곳곳에 퍼질 만큼 향이 좋습니다. 오미리 농촌체험을 통해 자연의 맛이 듬뿍 담긴 쌀을 맛볼 수 있습니다",6.25 전투 위령비,한국전쟁 중 치열한 격전지였던 양구지구 전투에서 산화한 호국영령들의 넋을 기리고자 건립한 기념비입니다.,국토 중앙 천문대,"우리나라의 중심에서 하늘을 바라보기 위해 국토 정중앙점 부근에 건설하여 2007년에 개관한 천문대입니다. 주망원경으로 80cm 반사망원경이 설치되어 있으며, 디지털 가상 밤하늘을 감상할 수 있는 천체투영실이 있습니다.",,,대암산 생태탐방로,,양구DMZ생태관광협회,033-481-3822
인제 생태마을(용늪),"2011년 환경부의 생물서식환경 등 환경성 평가결과 최우수자치단체로 선정된 인제군은 습지보호구역, 천연보호구역, 산림유전자원 보호구역 등 보호지역면적이 전체 군 면적의 33%에 달합니다. 아름다운 자연경관을 그대로 보존하고 있고, 멸종위기야생동식물 74종, 한국고유종 281종, 천연기념물 21종이 서식해 법정보호지역으로도 추진 중에 있습니다. 천혜의 자연환경의 ‘인제’는 땅은 넓고 사람은 적은 대한민국의 대표적인 오지로, 북쪽은 휴전선이 막아서 있고 다른 쪽은 험한 산세가 겹겹이 에워싸고 있어 오랫동안 ‘산악’과 ‘군인’의 상징이었습니다. 설악산을 비롯한 해발 1000m가 넘는 산이 즐비한 ‘인제 생태마을’, 하늘이 내린 생태학적 가치들이 풍부한 곳입니다.",하늘내린 인제로컬투어사업단,http://www.injetour.co.kr,인제군 문화관광 포털 사이트,http://tour.inje.go.kr/main/main.asp,,,냇강마을(월학1리),"월학리 냇강마을은 전국 제일의 산림자원과 청정지역의 대명사인 인제에서도 자연생태계의 보고인 대암산 용늪자락에 위치한 작은 마을입니다. 소양강 상류지역인 인북천을 따라 형성된 냇강마을은 오랜 선사시대부터 인류가 터를 잡고 살아온 곳으로 약 300여명의 주민이 살고 있습니다. 대암산 용늪 생태탐방을 비롯해 뗏목타기체험, 민물고기 잡기, 블루베리 농작물 수확체험 등 특별한 경험을 만끽할 수 있습니다.",백담마을(용대리),"용대리 백담마을은 만해 한용운 선생님의 유서 깊은 얼과 정신이 서려있는 내설악 백담사가 있는 마을로, 십이선녀탕, 용대자연휴양림 등의 아름다운 자연경치와 절경을 자랑하는 마을입니다. 현재는 약250여 가구가 살고 있으며, 향토 특산물 최고의 인기를 얻고 있는 황태의 고장이기도 합니다. 백담마을에서 백담사까지 이어지는 국내 최고의 계곡인 백담계곡(영실천)의 트레킹과, 만해 한용운 선생님의 민족애를 느낄 수 있는 만해박물관에서의 문화체험을 비롯하여, 빙벽타기, 내린천 래프팅, 번지점프 등의 레포츠 코스, 20년생 자작나무 5만 그루가 드리워진 원대리 자작나무 숲길 탐방 등 다채로운 프로그램이 준비되어 있습니다.",달뜨는 마을(신월리),"70년대 소양댐 건설로 마을 대부분이 수몰되어 많은 이들이 고향을 잃고 타 지역으로 이주하고, 일부 주민들이 마을 고지대로 이주하여 살게 된 것이 계기가 되어 현재의 신월리 ‘달뜨는 마을’ 을 이루었습니다. 높고 푸른 산이 마을전체를 감싸 안고 있으며, 소양호가 인접해 있어 물안개가 피어오르면 평안하고 조용한 분위기를 느낄 수 있습니다. 인공조명이 없는 마을로 밤에는 별보기 체험과 풍등 띄우기, 사람들이 많이 드나들지 않아 고적한 분위기 속에서 붕어나 쏘가리를 잡는 낚시체험과 민물새우잡기, 우리나라 고유의 활쏘기인 국긍 등은 아이들에게 인기가 매우 높습니다.",선사시대 뗏목체험,"조선시대 벌채된 목재를 운반하기 위해 사용되었던 냇강마을의 뗏목은, 한양에 도착하면 분리되어서 도성의 궁궐 건축을 위한 목재로 사용되거나 왕실의 재궁(임금, 왕비, 왕세자의 유해를 모시는 관) 재료로 사용되었다고 합니다. 북한강 떼꾼들이 불렀다는 뗏목아리랑도 배워보고 직접 소양강물과 하나 되어 뗏목도 저어 볼 수 있는 뗏목체험은 냇강마을 최고의 체험프로그램입니다.",용늪 가이드 탐방,"용늪은 용이 쉬어갔다는 전설이 있는 대암산 고산 습원지이며 금강초롱, 끈끈이주걱 등의 희귀식물을 많이 보유하고 있습니다. 용늪마을에서 시작하는 탐방로는 12km로 산행시간은 대략 5~6시간입니다. 용늪 탐방시설을 보완하고 가이드 탐방제를 도입해 가이드의 안내를 받으며 이곳에서만 자생하는 희귀식물을 찾아보는 재미를 느낄 수 있습니다.",대승폭포,"우리나라 3대 폭포 중 하나로, 국내에서 가장 긴 88m의 시원한 물줄기가 뿜어내는 웅장한 아름다움을 지닌 곳입니다.",백담사,교계의 선각자이신 만해 한용운 선생이 님의 침묵을 집필한 곳입니다. 백담사 앞 영실천 계곡은 국내 최고의 수량과 깨끗함을 자랑합니다.,,,대암산 생태탐방로,,(사)하늘내린인제로컬투어사업단,033-463-8680
창녕 우포늪,"1억 4천만 년 전 생성된 내륙습지 ‘창녕우포늪’은 1500여 종 동식물이 서식하는 생태계의 보고로서 생태적 보전가치가 매우 높은 곳입니다. 람사르협약에 등록되었고, 천연기념물 524호로 지정되는 등 생태관광의 메카로 거듭나고 있습니다. 창녕은 우포늪 활성화를 위해 애쓰고 있고, 우포늪 생태체험장, 곤충어드벤처관 등 다양한 생태관광사업도 추진 중입니다. 이 곳은 우포늪, 목포늪 등 4개의 늪으로 구성되어 있는데, 제일 큰 우포늪을 ‘소벌’이라 불렀습니다. 우포늪과 목포늪 사이에는 우항산(牛項山)이 자리하고 있는데, 하늘에서 보면 소의 목처럼 생겼다 합니다. 마치 소가 물먹는 모습과 닮아 ‘소가 마시는 벌’이라는 뜻의 ‘소벌’이라 불렀고, ‘우포(牛浦)’라고 표기해 부릅니다.",우포늪사이버생태공원,http://www.upo.or.kr,창녕군 문화관광 포털사이트,http://www.cng.go.kr/tour.web,,,우포늪 생태관,"조류, 어류, 포유류, 양서류, 파충류 등 각종 습지 야생동물의 기록을 보존 · 연구하며 대중에게 전시하는 장소입니다.",우포생태촌,"우포늪 밤하늘의 별을 보고, 풀벌레 소리를 들으며 휴식을 취할 수 있습니다.",전망대,"국내 최대의 자연늪, 우포늪을 한눈에 조망할 수 있는 지점입니다.",우포 가시연꽃마을,"우포늪의 숨결이 고스란히 배어 있는 우포 가시연꽃마을에서는 생태체험과 농촌체험, 향토 먹거리체험 등 다양한 프로그램을 체험할 수 있습니다. 특히 마을에 있는 사지포늪은 크지 않지만 가장 아름다운 자태를 간직하고 있어 많은 사람들의 사랑을 받고 있습니다.",우포늪 생태관,"우포늪생태관은 조류, 어류, 포유류 등 각종 습지 야생동물의 기록을 보존, 연구하는 곳입니다. 생태환경을 보다 잘 이해할 수 있도록 우포늪의 이해, 우포늪의 사계, 살아있는 우포늪, 생태환경의 이해 등의 전시실로 구성되어 있습니다. 각 전시실에서는 현장감 있는 입체모형과 영상 등을 볼 수 있고, 체험 프로그램에도 참가할 수 있습니다.",화왕산 군립공원,"경상남도 중북부 산악지대에 위치해 있으며, 낙동강과 밀양강이 둘러싸고 있습니다. 선사시대 화산으로 지금 3개의 못(용지)과 화산의 분화구가 있으며, 이 못에 관한 전설이 있는 창녕 조(曺)씨의 득성비와 정상부 둘레에는 화왕산성(사적 64호)이 있습니다.",교동과 송현동 고분군,"화왕산 서쪽 기슭의 목마산성 아래 창녕읍 교리와 송현리 일대에 분포하고 있는 대형고분군으로, 1911년 일본인 학자 세키노 타다시(關野貞)에 의해 처음 알려졌습니다. 1917년의 분포조사를 시작으로 1918년, 1919년에 걸쳐 11기의 고분이 발굴조사 되었으나, 제 21, 31호분을 제외하고는 보고서가 간행되지 않았으며, 조사자에 따라 고분번호를 달리하는 등의 요인으로 인해 조사된 고분이 어느 고분인지 정확하게 구분하기조차 어렵습니다. 이 시기 조사를 통해 마차 20대와 화차 2량 분의 토기와 금공품들이 출토되었다고 전해지나, 현재 국립중앙박물관과 일본 도쿄국립박물관에 소장되어 있는 일부 유물을 제외하고는 보관처가 확인되지 않고 있습니다.",,,퇴계 오솔길,,(사)창녕우포늪생태관광협회,055-532-1141
서천 금강하구 및 유부도,"금강과 서해바다 생태계가 함께 모여 살아가는 생명의 보고 ‘금강하구.’ 봄가을엔 도요물새들, 겨울엔 청둥오리, 흰뺨검둥오리, 고방오리, 쇠오리 등이 서식하며 먹이를 찾아다닙니다. 또 갈대군락과 염생식물이 자라는 곳은 천연기념물 개리와 큰고니, 멸종위기인 검은머리갈매기, 넓적부리도요 등 희귀철새들의 천국입니다. 묶였던 강물이 서해바다와 만나는 자리에 모래펄이 쌓여 만들어진 섬 유부도, 이곳은 고려 선비들이 유배돼 생을 마친 곳으로 유명한데, 임진왜란 때 아버지가 피난 와서 살던 섬은 유부도, 아들이 살던 섬은 유자도라 불렀고, 지금은 유부도만 이름이 남았습니다. 또한 유부도는 환경적 가치가 높은 지역으로 손꼽힙니다. 천연기념물 제 326호인 검은머리물떼새의 최대 서식지이며, 56종 39만 마리의 조류와 125종의 저서동물이 서식하는 곳입니다.",서천조류생태전시관,http://bird.seocheon.go.kr,서천군 문화관광 포털사이트,http://tour.seocheon.go.kr,,,조류생태전시관,"철새도래지 금강하구의 생태계를 보전하고 현명하게 이용하기 위해 환경부 자연환경 보전·이용 시설의 설치사업으로 설립되었습니다. 자연환경해설사, 갯벌생태안내인 양성기관으로 지정되어 교육과 전시의 기능을 동시에 수행하고 있으며, 관광객에게는 생태학습여행 서비스를 제공하고 있습니다. 우리나라의 대표적인 조류전문 전시관으로 철새여행 축제를 매년 11월에 개최합니다.",신성리 갈대밭,"하늘과 맞닿을 듯 키 큰 갈대가 금강하구 푸른 물결과 어우러진 신성리 갈대밭. 23만 여 제곱미터의 규모를 자랑하는 우리나라 대표 갈대밭 중의 하나입니다. 갈대는 생활에 쓰임새도 많은 식물이라, 지금도 신성리 마을 주민들은 7~8월에 꽃이 피는 갈대 이삭으로 갈비(갈대빗자루)를 만들어 사용하고 있습니다. 영화 JSA공동경비구역, 드라마 추노의 촬영지로 특히 유명합니다.",조류생태전시관,"철새도래지 금강하구의 생태계를 보전하고 현명하게 이용하기 위해 환경부 자연환경 보전·이용 시설의 설치사업으로 설립되었습니다. 자연환경해설사, 갯벌생태안내인 양성기관으로 지정되어 교육과 전시의 기능을 동시에 수행하고 있으며, 관광객에게는 생태학습여행 서비스를 제공하고 있습니다. 우리나라의 대표적인 조류전문 전시관으로 철새여행 축제를 매년 11월에 개최합니다.",서천 철새여행,"충남 서천군 금강 하구 철새 도래지 일원에서는 철새 여행 행사가 열립니다. 사계절 내내 철새들이 모여드는 서천 습지를 탐방하고, 갯벌의 기능과 새들의 나는 원리 등을 탐구하며, 서천군의 특색을 살린 놀이 프로그램 및 탐조투어 등 다양한 체험을 하실 수 있습니다.",갈숲마을 체험,"영화 공동경비구역JSA의 촬영지로 알려져 연간 30만 명이 넘는 관광객이 찾아오는 갈숲마을. 이 마을은 아름다운 금강변 신성리 갈대밭 주변의 7개 마을로 이루어져 있습니다. 체험프로그램에는 모시 송편 만들기, 모시 베틀체험, 모시 칼국수 만들기 등이 있습니다.",철새 나그네길,"서천의 바닷가 길 중에서 세 번째 탐방로로 봄, 가을에 도요물떼새들이 이용하는 공간입니다. 서천 사람들은 이곳에서 조개를 잡고, 물고기를 잡고, 겨울에는 김을 양식하여 경제적인 이익을 만듭니다. 종종 겨울철에는 김 양식장을 두고 홍머리오리들과 경쟁도 하는 곳이기도 합니다.",마량리 동백나무 숲,바닷가 언덕의 동쪽자락의 동백나무숲에서는 오백 년 수령 동백나무 80여 그루가 군락을 이루며 자라고 있습니다. 동백나무숲의 명소는 숲의 언덕마루 전망 좋은 곳에 세워져 있는 중층누각 동백정입니다. 동백정에 오르면 동해바다 같은 서해바다의 아름다운 풍광을 감상할 수 있습니다.,,,금강하구길 생태탐방로,변산마실길,서천군 조류생태전시관,041-956-4002
울산 태화강,"700여 종이 넘는 동식물의 서식지이자 생명의 강으로 다시 태어난 ‘태화강.’ 근대화가 진행되면서 오폐수 유입으로 인한 오염이 심각했지만 2004년 ‘에코플러스 울산선언’과 2005년 ‘태화강 마스트플랜’ 등으로 대표되는 정책을 세우면서 태화강의 생태복원과 수질개선이 이뤄졌고, 이제는 강의 수질이 1~2급수로 측정될 만큼 호전되었습니다. 강과 숲이 어우러진 태화강대공원은 사람들이 지친 몸을 쉬어가는 휴식공간으로 자리를 잡았습니다. 태화강 중류의 넉넉한 물길을 따라 울창한 대숲 사이를 가로지르는 아름다운 십리대밭 산책로를 거닐 수 있고, 계절에 따라 백로와 떼까마귀의 화려한 군무를 볼 수 있습니다.",에코투어태화강,http://www.ulsan.go.kr/taehwagang/index,,,,,태화강십리대숲,"태화강대공원 서쪽에 솟은 오산(鰲山)을 중심으로 위로는 구 삼호교, 아래로는 용금소(태화루)에 이르는 아름다운 대숲입니다. 한때 중앙정부에서 하천정비기본계획을 수립하면서 십리대숲이 영원히 사라질 위기도 있었으나 각계에서의 설득과 계획 수정을 거쳐 보전되었고, 지금은 자연과 사람이 공존하는 태화강의 명소로 자리 잡았습니다. 특히 남구 쪽 태화강 철새공원의 대숲에서는 여름이면 백로가 찾아오는 것을, 겨울이면 떼까마귀 군무를 볼 수 있습니다.",태화강 전망대,"95년도까지 울산국가산업단지 기업체에 공업용수 공급을 담당했던 취수탑을 현대적 감각에 맞게 리모델링, 현재 지상 4층 규모의 전망대로 사용하고 있습니다. 360도 회전 휴게실과 야외전망대를 갖추고 있어서 태화강과 십리대숲, 태화강대공원, 태화강철새공원 그리고 남산 등을 조망할 수 있는 최적의 공간입니다.",선바위,"백룡(白龍)이 살았다는 태화강 상류 백룡담 푸른 물위로 우뚝 솟아 있는 기암괴석입니다. 수면 위아래를 합해 약 33m 높이의 거대한 바위이며, 예로부터 빼어난 경치로 시인과 묵객들이 즐겨 찾았다고 합니다. 선바위를 마주보는 벼랑 위에는 작은 사찰 선암사(仙岩寺)가 있습니다.",태화강 100리길 걷기대회,"태화강 100리길은 명촌교에서 출발, 태화강 최장 발원지인 백운산 탑골샘까지 48㎞의 도보 여행길로, 태화강 십리대숲, 선바위, 반구대 암각화, 대곡박물관 등 구간마다 주변의 자연, 생태, 역사, 문화 경관을 최대한 활용하여 효율적으로 탐방할 수 있는 길입니다. 선사문화 탐방로, 영남알프스 둘레길, 울산 어울길 등과 연계하여 이어지도록 4개 구간으로 구분되어 있습니다.",태화강 봄꽃 대향연,"태화강대공원 초화단지는 단일규모 전국 최대 면적(16만㎡)에 꽃양귀비, 수레국화, 금영화 등 10여 종의 초화류와 작약, 꽃창포, 왕원추리 등이 조성된 우리 꽃단지로, 매년 4~5월이면 ‘태화강 봄꽃대향연’을 개최하고 있습니다. 행사 기간에는 봄꽃 음악회, 야생화 전시, 페이스페인팅, 십리대숲 죽로차 시음회 등 다양한 체험행사가 진행되며, 매년 약 90만 명 이상이 행사에 참여하고 있습니다.",반구대 암각화,"반구대 암각화는 한반도 선사시대 수렵·어로 생활상을 담고 있는 유적으로, 제작연대는 약 7,000~3,500년 전 신석기 시대로 추정됩니다. 바위에 새겨진 형상들은 크게 바다동물과 육지동물, 도구와 사람 등으로 나눌 수 있으며, 특히 동물그림들은 생태적 특징이 매우 상세하게 표현되었습니다. 바다동물로는 고래, 거북, 물개, 물새가 확인되며, 육지동물로는 사슴, 멧돼지, 호랑이, 여우, 늑대, 족제비 등이 새겨져 보입니다. 국내외 연구자들이 반구대 암각화에서 주목하는 것은 매우 사실적인 포경장면이 묘사되어 있다는 점입니다. 최근까지 선사시대 고래가 새겨진 유적으로 스칸디나비아 반도의 청동기시대 암각화 유적이 가장 오래된 것으로 알려져 있었으나, 대곡리 반구대 암각화가 국제학계에 소개돼 크게 주목을 받으면서 인류 최초 포경 유적으로 평가되어 유네스코 세계문화유산 잠정목록에 등재되어 있습니다.",대왕암,"대왕암은 물에서 떨어져 나가려고 몸부림치는 용의 모습 그대로 보입니다. 점점이 이어진 바위를 기둥 삼아 놓인 철교를 건너면 대왕암에 발을 딛고 설 수 있습니다. 댕바위 혹은 용이 승천하다 떨어졌다 하여 용추암이라고도 하는 이 바위는 신라 문무왕의 호국룡 전설을 담고 있는데, 왕의 뒤를 이어 세상을 떠난 문무 대왕비가 남편처럼 동해의 호국룡이 되고자 이 바위가 되어 바다에 잠겼다는 것입니다.",,,,,태화강생태관광협의회,052-266-5168
제주 동백동산습지,"약 1만여 년 전 형성된 용암대지 위에 뿌리내린 숲 곶자왈은 비가 오면 수십 수백 개의 습지가 형성되는 특별한 지형으로, 2011년 람사르 습지 보호지역으로 지정됨은 물론, 유네스코 세계지질공원 대표명소로 지정된 곳입니다. 제주 동백동산은 남방계 식물과 북방계 식물이 함께 자생하는 독특한 생태계로, 우리나라 특산식물인 제주고사리삼의 서식지이자 남한 최대의 상록활엽수림지대입니다. 그 가운데 선흘1리는 한라산을 중심으로 동북방향 중산간에 위치한 곳으로, 제주의 숲 곶자왈을 가지고 있는 마을입니다. ‘선흘[善屹]’은 “착한 기상이 산과 같이 높게 뻗어 나아가라는 뜻”으로, ‘흘’은 깊은 숲을 의미합니다.",동백동산습지센터,http://www.ramsar.co.kr,제주 관광 포털사이트,https://www.visitjeju.net/kr, , ,먼물깍습지,"동백동산에는 물이 고여 있는 수십 개의 습지가 곳곳에 분포하고 있는데, 그 중에서도 먼물깍은 주변과 어우러진 경관과 우수한 생태자원을 지닌 동백동산의 대표 습지입니다. 먼물이란 마을에서 멀리 있다 하여 붙여진 이름이며, 환경부 멸종위기2급 식물인 순채를 비롯하여, 송이고랭이, 통발 등의 식물과 물장군, 물자라 등 수서곤충이 먼물깍습지 주변에 살고 있습니다.",동백동산,"동백동산은 동백나무가 많이 자라있는 선흘1리의 곶자왈입니다. 곶자왈이란 엉성한 용암 돌무더기 지형 위에 나무와 덩굴 등이 자라 이루어진 숲으로 남방계 식물과 북방계 식물이 함께 자생하는 독특한 지대입니다. 제주의 곶자왈 중에서도 선흘곶자왈은 묽은 파호이호이 용암이 흘러 물결 모양의 대지가 만들어진 후, 오목한 곳에 습지가 여럿 형성된 독특한 지형을 지니고 있습니다. 람사르습지이자 세계지질공원 대표명소입니다.",선흘마을,"선흘1리는 제주 동북방향 중산간에 위치한 마을입니다. 제주의 숲 곶자왈을 품고 있는 마을로서 선흘의 ‘흘’은 깊은 숲을 의미합니다. 현재 300여 가구 약 714여명의 주민이 살고 있으며, 2010년에는 환경부에서 지정하는 자연생태우수마을, 2014년에는 생태관광 모델지역으로 선정되었습니다. 마을 주민들이 원탁회의를 개최하여 마을의 방향성을 스스로 논의하고 적극적으로 생태관광에 참여하고 있습니다.",눈내리고 동백꽃피다.,"전국 최대 상록수림인 곶자왈의 겨울을 더 가치 있게 느끼고 깊이 있게 들여다보는 치유형 여행으로, 모두가 함께 할 수 있는 프로그램입니다. 산림습지 동백동산에서 음악을 들으며 겨울 동백꽃과 함께 천천히 걸어보면서, 더불어 해설사의 이야기는 여행을 더욱 깊이 있게 합니다.",자전거 1박2일 캠핑형-다 같이 돌자 동네 한바퀴,"마을과 그 주변 자연환경의 가치를 깊이 있게 들여다보는 캠핑형 여행으로, 어린이와 청소년을 위한 프로그램입니다. 람사르 보호 습지로 등록되어 있는 신비의 산림습지 선흘1리 곶자왈 내 ‘동백동산’의 생태적, 문화적 가치를 마을 해설사 질토래비선생님들과 함께 둘러보면서 느껴보고, 마을 어르신들과는 마을 문화를 직접 함께 합니다. 여행 시 이동수단은 자전거로, 숙박은 마을 안 캠핑으로 하면서, 지역의 깊이를 더욱 느끼는 여행을 만들어 갑니다.",거문오름,"분화구 내 울창한 산림지대가 검고 음산한 기운을 띤 데서 유래한 이름으로, '신령스러운 산'이라는 뜻도 들어있습니다. 정상의 분화구가 용암이 흘러나가면서 만들어진 말굽 모양을 하고 있는데, 그 안에는 작은 봉우리가 솟아 있습니다.",만장굴,"만장굴은 총 길이가 약 7.4km이며, 부분적으로 다층구조를 지니는 용암동굴입니다. 특히 주 통로는 폭이 18m, 높이가 23m에 이르는 세계적으로도 큰 규모의 동굴입니다. 전 세계에는 많은 용암동굴이 분포하지만, 만장굴과 같이 수십만 년 전에 형성된 동굴로서 내부의 형태와 지형이 잘 보존되어 있는 용암동굴은 드물어서 학술적, 보전적 가치가 매우 큽니다.",,,,,동백동산습지센터,064-784-9445
부산 낙동강하구,"낙동강이 바다에 안기는 지점에 위치해 있으면서 대양을 오가는 철새의 관문인 ‘부산 낙동강 하구’, 여러 사주(을숙도, 대마등, 장자도, 백합등, 신자도, 무명도, 진우도 등)와 조간대가 넓게 발달한 기수습지가 어우러져 간조 때는 갯벌, 만조 때는 하구로 변합니다. 또 겨울에는 따뜻하고 여름에는 시원해 겨울새는 겨울나기에 좋고, 여름새는 번식에 적합합니다. 이와 같이 먹이, 지리 및 기후의 삼박자를 갖춘 낙동강 하구는 세계적인 철새도래지의 보고입니다. 예로부터 이곳은 영남의 신석기 문화가 발달했고, 선사시대로 접어들면서부터 청동기와 초기 철기문화가 꽃피웠던 곳으로 알려져 있습니다.",낙동강하구에코센터,http://wetland.busan.go.kr,부산광역시 문화관광 포털 사이트,http://tour.busan.go.kr,,,낙동강하구에코센터,"연간 20만여 마리의 철새가 도래하는 철새들의 낙원 낙동강하구에 위치하고 있습니다. 을숙도철새공원을 보전·관리하고 자연생태 전시·교육·체험학습을 시민들에게 제공하기 위한 시설이며, 30여 종이 넘는 다채로운 체험프로그램을 운영하고 있습니다.",낙동강하구아미산전망대,"3층 규모의 전망대에서는 도요등, 신자도 등 길고 좁은 모래톱이 해안선과 거의 평행으로 늘어서 있는 연안사주의 모습을 조망할 수 있으며, 이와 함께 낙동강하구의 지형, 지질에 대한 자료를 알기 쉽게 전시하고 있습니다.",,,낙동강 하구 생태체험 프로그램,"낙동강하구에코센터는 생태 복원지인 을숙도 철새공원을 지속 가능하게 보전 및 관리하고, 생태를 주제로 전시교육체험학습을 진행하는 공간입니다. 탐조체험, 수서곤충 관찰, 습지탐방, 야간탐사, 갯벌체험, 생태 목공예 등을 연중 생태체험프로그램으로 운영하고 있습니다.",,,삼락생태공원,"사상구 엄궁동에서 사상구 삼락동(강서낙동대교)에 걸쳐 조성된 삼락생태공원은 낙동강하구 둔치 중 가장 넓은 지역입니다. 천연기념물 제 179호(낙동강하구철새도래지)로 철새를 위한 습지, 철새먹이터 및 각종 체육시설(61면)을 비롯하여 잔디광장, 야생화단지, 자전거도로, 생태산책코스 등으로 꾸며진 체육·휴식공간입니다.",감천 문화마을,"계단식 주택, 모든 길이 통하는 미로미로 골목길, 파스텔톤의 색채 등 다양한 예술작품으로 '한국의 마추픽추', '한국의 산토리니'로 불리는 곳입니다. 독특한 장소성과 더불어 주민공동체를 중심으로 한 마을의 원형 보존과 문화적 재생으로 창조적 재생마을로 조성된 곳입니다.",,,,,낙동강하구에코센터,051-209-2051~58
신안 영산도 명품마을,"영산도는 전남 신안군 흑산도의 동쪽에 유일하게 위치한 아주 작은 섬입니다. 과거에는 섬에 영산화가 많이 핀다 하여 영산도라 불리었으며, 이곳의 산세가 신령스런 기운이 깃들었다 하여 영산도로 부르기도 하였습니다. 1300년 경 충렬왕 시절 경주 최씨 최국희가 입도하여 최초로 마을이 형성되었고, 이로부터 흑산도 인근 지역의 최씨 발원지가 되었습니다. 홍어로 유명한 나주 영산포, 영산강은 조선시대의 공도정책으로 뭍으로 이주한 영산도 주민들이 고향이 그리워 지은 명칭입니다. 개발되지 않은 순수함과 깨끗함, 천혜의 자연환경으로 다도해해상 국립공원과 신안-다도해 유네스코 생물권보전지역으로 지정되어 있으며, 2013년 환경부 자연생태우수마을로 지정되었습니다. 영산 8경, 영산 10리길, 영산도 벽화의 거리, 낙조가든과 함께 양식이 없는 청정해역에서 채취된 다양한 해산물 먹거리 등은 도시에 찌든 삶의 스트레스를 해소하고 몸과 마음을 재충전할 수 있는 우리나라 최고의 힐링 명소로서 영산도에 조용히 머물게 만들어 줍니다.",영산도 명품마을,http://www.yeongsando.co.kr,다도해해상국립공원,http://dadohae.knps.or.kr,,,해상투어,"석주대문, 비성석굴 등 섬전체를 돌아볼 수 있는 프로그램으로 태고의 신비와 각양각생의 기암괴석과 해안절경을 볼 수 있습니다.",영산도 벽화길,이재호 화백의 재능기부를 통해 만들어진 아트벽화입니다.,숲체험장,과거 영산도 내 소득원이었던 후박나무(상록활엽수) 숲에서 명상 등 홀로 사색할 수 있는 힐링체험을 제공합니다.,나만의 열 두가지 휴식,"하루에 단 두 차례만 도선이 운항되는 고립된 영산도. 이 섬은 유네스코 생물권보전지역으로 파란 바다와 어우러진 후박나무 숲이 인상적인 곳입니다. 후박나무 숲에서 바다 숲 힐링 체험을 할 수 있고, 마을 골목 사이에 펼쳐진 벽화길을 걸으실 수가 있습니다. 눈과 귀가 즐거운 열두 가지 휴식형 체험프로그램입니다.",,,흑산도,"찬란한 유배문화와 역사를 가진 섬 흑산도는 바닷물과 산그늘이 푸르다 못해 검다고 하여 흑산도(黑山島)라 불립니다. 흥덕왕 3년 장보고가 완도에 청해진을 설치한 후 왜구를 막기 위한 전초 기지로 반월성을 쌓으면서 사람이 정착했고, 조선 후기 문신인 정약전 선생이 유배 생활 중 자산어보를 저술한 것으로 유명한 곳입니다.",홍도,"천연특별보호구역 제 170호, 석양이 시작되면 바닷물이 붉게 물들고 섬이 온통 붉게 보인다고 하여 홍도(紅島)라 불리게 되었습니다. 서해 남부 끝자락에 위치하는 홍도는 섬 주위에 펼쳐진 크고 작은 무인도와 깎아지른 듯한 절벽들이 오랜 세월의 풍파로 아름다운 절경을 이루고 있으면서 바람과 파도가 들려주는 신비한 이야기로 가득한 섬입니다.",,,,,다도해해상국립공원서부사무소,061-284-9116
완도 상서 명품마을,"청산도 상서명품마을은 완도군 청산면 상동리에 위치한 아담한 마을입니다. 청산도의 모든 것이 압축돼 있는 상서마을은 청산도를 상징하는 랜드마크라고도 할 수 있는데, 청산도의 원형을 간직한 마을로 알려지면서 탐방객들의 필수코스로 자리매김하고 있습니다. 1,600년대 청주 한씨가 청산도에 처음 입도하여서 상서마을 내 덜리라는 정착지를 형성하였는데, 현재까지 마을을 유지하며 농어촌 마을의 전통을 이어가고 있습니다. 청산도 상서마을은 주요 자원으로 세계농업유산인 구들장논, 지방문화재 279호인 옛담장길, 긴꼬리투구새우, 다랭이논 등 보존가치가 높은 명품 자원들로 가득한데, 2009년 환경부 지정 자연생태우수마을로도 지정된 바 있고 2011년 국립공원 명품마을로 지정될 만큼 아름답고 소박한 전통이 살아 있는 마을입니다. 특히 마을의 자원을 엿보며 걸을 수 있는 돌담길(트레킹 1코스), 구들장논길(트레킹 2코스)에서는 청산도의 느린 삶을 느낄 수 있습니다. 상서마을은 청정한 농수산물과 먹거리를 맛보며 도시에서 바쁜 삶을 떠나 여유와 건강을 체험할 수 있는 명소입니다.",상서마을 홈페이지,http://www.sangseo.kr/,,, , ,구들장논,"국가중요농업유산 1호 및 세계중요농업유산(FAO)으로 지정된 구들장논은 청산도 내 돌이 많은 지형 특성 상 물빠짐이 심해 논농사를 지을 땅이 부족한 데서 생기게 되었습니다. 선조들은 이를 극복하기 위해 한국 전통가옥의 온돌 건축방식을 논에 적용하여 경사진 땅을 다지고, 넓적한 돌을 쌓아 올려 다시 그 위에 흙을 덮는 방식으로 구들장논을 만들었습니다. 윗논에서 아랫논으로 이어지는 계단 형식의 지하구조를 통해 농업용수가 효율적으로 이용되는 과학적원리가 숨겨진 청산도만의 독특한 농업 방식입니다.",긴꼬리투구새우,"구들장논에는 살아있는 화석이라 불리는 긴꼬리투구새우가 서식하고 있습니다. 어떤 농약도 쓰지 않는 전통의 농업방식을 이어온 마을의 농업방식에 의해 납작한 투구모양이 인상적인 긴꼬리투구새우가 발견되는데, 이는 7천만 년 전부터 외형이 거의 변하지 않은 살아 있는 화석생물입니다. 기존 멸종위기야생동물 2급으로 분류되었다가 2012년 개체수의 증가로 해제되었습니다. 이 긴꼬리투구새우는 잡초의 서식을 방해하고 해충 발생을 억제하여 친환경농법에 활용되기도 합니다.",돌담길,"상서마을을 대표하는 옛 돌담장(지방등록문화재 제 279호, 트레킹 1코스 내 위치)으로 자연석으로만 쌓아 올린 강담 구조로 되어 있으며, 사람 키 만한 높이에 반듯하지 않은 돌담에서 바람이 많이 부는 어촌 마을의 문화를 엿볼 수 있습니다.",상서마을 걷기 체험,상서마을 돌담길과 구들장논길을 걸으면서 어촌마을의 아름다움을 보고 긴꼬리투구새우를 관찰하며 전통농업과 문화자원을 탐방하는 체험입니다.,,,범바위,"권덕리에서 청계리로 향하는 길을 오르면 범바위를 만날 수 있습니다. 청산도를 한눈에 조망할 수 있는 전망대가 자리 잡고 있으며, 날씨가 좋은 날에는 여서도, 거문도, 제주도까지 보입니다.",서편제길,도청항에서 해안을 따라 오른쪽으로 보이는 언덕길을 오르면 영화 서편제 촬영지가 나타납니다. 이 길에서 서편제 주인공 세 사람이 진도 아리랑을 부르며 돌담길을 내려오는 영화의 하이라이트 장면이 촬영되었습니다.,,,,,상서명품마을영농조합법인,061-554-5474
무등산 평촌 명품마을,"평촌마을은 무등산 북쪽 자락에 자리하고 있는 동림, 담안, 우성, 닭뫼 4개의 자연마을로 형성된 아담하고 한적한 농촌마을입니다. 마을 들녘에는 평무뜰이 있어 친환경 우렁이쌀을 재배하고 있으며, 마을 중심으로 흐르는 풍암천에는 도심에서는 이미 자취가 사라진 반딧불이와 무등산의 깃대종인 수달(천연기념물 330호)이 서식하고 있어 우수한 자연생태를 지니고 있는 지역입니다. 조선시대에는 이곳 평촌마을이 분청사기를 만들었던 곳으로, 남도의 예술적 혼을 지니고 있는 지역입니다. 현재 마을에 있는 평촌 도예공방이 그 전통을 이어가고 있습니다. 마을 길목에는 무돌길 쉼터와 반디민박이 있어 마을을 지나는 이들과 무등산을 찾는 탐방객들에게 편안한 휴식처가 되고 있습니다. 농촌, 산촌의 풍경과 깨끗한 자연환경이 잘 보존되어 있는 평촌명품마을에서 따뜻한 외갓집 같은 정취를 느껴보시기 바랍니다.",평촌마을,http://www.bandivill.net/,,,,,친수공간,"명촌명품마을 입구에 자리한 친수공간은 마을의 랜드마크이자 탐방객들이 쉬어갈 수 있는 휴게공간으로, 해질녘에 맞춰 가면 아름다운 저녁노을과 마을 전경을 만끽할 수 있습니다.",반디민박,"마을회관 2층에 자리 잡고 있는 민박시설로, 2013년 탐방객의 휴식을 위한 공간으로 조성되었습니다. 평촌명품마을이자 무등산을 느리게 걸으며 즐기고 싶은 여행자들을 위한 공간으로, 새소리와 함께 아침을 맞이할 수 있습니다.",무돌길 쉼터,"마을 공동수익창출을 위해 마을주민들이 모여 조성한 공간으로 쉼터에서 바라본 친수공간이 분위기를 자아내고 있으며, 쉼터에 앉으면 넓은 평모뜰의 풍경이 한눈에 들어옵니다. 마을에서 직접 재배한 농산물과 마을에서 계절마다 생산되는 재료로 맛깔스러운 음식을 맛볼 수 있습니다.",두부과자 만들기 체험,밀가루에 계란을 넣고 직접 반죽하여 고소한 두부과자를 만들어보고 직접 맛보는 체험입니다.,도예공방 체험,투박함 속의 화려함을 간직한 무등산 분청사기를 직접 만들어보는 체험의 장입니다.,광주호 호수생태원,"나무다리로 갈대밭이 끝없이 이어져 있는 호수생태원은 자연 학습장과 자연휴식광장, 야생화 단지, 생태연못으로 이루어져 있습니다. 호수 주변 습지에서는 갯벌과 갈대숲 체험을 할 수 있으며, 고라니, 두꺼비 등 다양한 야생동물을 관찰할 수 있습니다.",한국가사문학관,"가사문학관의 주요 전시물은 가사문학 관련 서화 및 유물 1만 1,461점, 담양권 가사 18편과 관계문헌, 가사 관련 도서 약 1만 5,000권 등입니다. 주변에는 가사문학의 주요 무대가 된 식영점, 환벽당, 소쇄원, 송강정, 면양정 등이 자리 잡고 있으며, 관람시간은 오전 9시~오후 6시입니다.",,,,,무등산평촌명품마을영농조합법인,062-266-2287
정읍 월영습지와 솔티숲,"내장산은 금선폭포와 계곡, 서래봉과 까치봉 등 아홉 봉우리의 산세가 유난히 수려하고 아름다워서 ‘산 안에 숨겨진 보물이 많다’라는 뜻을 가지고 있고 호남의 금강산이라 불립니다. 2010년까지 내장산국립공원 지역으로 보전되어 오던 솔티마을의 생태숲과 반딧불이 노니는 앞도랑, 월영습지의 생태자원을 마을 이야기와 연계시킨 자연과 사람의 이야기를 만날 수 있는 곳입니다. 월영마을에는 해발 300m 산 정상부의 비교적 평탄한 면에 습지가 나타납니다. 월봉산 곡저분지에 형성된 저층형 산지 내륙습지로 과거 경작지로 활용되다가 폐경 후 약 40여 년간 방치되어 자연적인 천이가 이루어지고 있는 지역입니다.",정읍시 문화관광,http://www.jeongeup.go.kr/culture,,,,,솔티(송죽)마을,"솔티(송죽)마을은 천주교 박해를 피해 생활하던 화전민터와 작은 공소가 남아 있는 천주교 성지중 하나로, 내장산국립공원과 상수원보호구역으로 벽돌하나 올리지 못하고 길하나 제대로 없던 오지 산골마을이었습니다.",월영습지,"호남의 금강이라 불리기도 하는 내장산은 예로부터 조선 8경의 하나로 이름나 있었으며, 동국여지승람에는 남원 지리산, 영암 월출산, 장흥 천관산, 부안 능가산(변산)과 함께 호남의 5대 명산으로 손꼽힌다. 내장산의 가을 단풍나무 숲길은 아름답기로 유명하다.",백제가요 정읍사 오솔길,"백제가요 정읍사 오솔길은 천년고개에서 시작하여 월영마을까지 이어지는 6.4km의 정감있는 산책길이다. 이 길을 걷다보면 백제 정읍사 여인의 기다림에 대한 이야기, 머리얹은 바우에 대한 전설 등을 만날 수 있고 생태습지 군락지도 지나게 된다.",모시송편/떡 만들기 체험,지역 주민들이 생산한 모시잎과 쌀을 빻은 떡 덩어리로 팥고물을 넣고 모시송편이나 개떡을 예쁘게 만든다. (개떡은 고물이 들어가지 않음) 직접 만든 떡을 그 자리에서 쪄서 맛 볼 수 있다.,꽃담 아카데미,"내장산 자락 송죽마을 내에 꽃과 정원이 있는 곳입니다. 250여종의 꽃과 나무가 있으며 4계절 꽃과 관련된 정원교실이 열립니다. 꽃, 자연, 흙, 도시농업, 야생화와 다양한 체험 및 교육프로그램을 운영합니다.",내장산 단풍터널,"호남의 금강이라 불리기도 하는 내장산은 예로부터 조선 8경의 하나로 이름나 있었으며, 동국여지승람에는 남원 지리산, 영암 월출산, 장흥 천관산, 부안 능가산(변산)과 함께 호남의 5대 명산으로 손꼽힌다. 내장산의 가을 단풍나무 숲길은 아름답기로 유명하다.",,,,,고창고인돌 운곡습지,무등산 평촌 명품마을,정읍시 환경과,063-539-5703
영양 밤하늘 반딧불이 공원,"밤하늘엔 별이, 땅 위엔 반딧불이가 빛나는 광경을 요즘 아이들은 본적도 없고 어른들의 기억에도 어렴풋합니다. 반딧불이와 별을 생태관광자원으로 승화시킨 곳은 대한민국에서 영양이 처음이며, 유일한 반딧불이 생태체험마을 특구로도 지정된 곳입니다. 또한 수려한 자연환경으로 왕피천유역 생태경관보전지역 및 영양국제밤하늘보호공원으로도 지정된 곳입니다. 영양군 수하리에 들어서면 굽이굽이 돌아나가는 장수포천 맑은 물 옆으로 반딧불이 나라가 펼쳐집니다. 이곳에는 반딧불이 생태학교와 별자리가 가장 잘 보이는 청정지역인 만큼 반딧불이천문대도 들어서 있습니다. 캄캄한 밤하늘의 은하수와 형광 불빛을 반짝이는 반딧불이의 군무가 사람들의 마음속에 영원히 기억될 환상적인 풍경을 선사합니다. 하늘과 바람과 별과 시를 그리워하는 모든 이에게 일상의 불을 끄고 추억의 별을 마주하는 영양의 별밤으로 초대합니다.",영양문화관광,http://www.yyg.go.kr/tour,영양 밤하늘·반딧불이공원,http://www.yyg.go.kr/np,,,생태탐방과 계곡트레킹,"왕피천상류 지역으로서 수하계곡이 위치하고 있으며, 환경부지정 생태경관보전지역입니다. 오지마을 생태탐방과 계곡트레킹을 즐길 수 있습니다.",영양군청소년수련원,"맑은 물과 수려한 자연경관이 어우러진 수하계곡 기슭에 자리 잡고 있으며, 청소년에게 자연 속에서 호연지기를 키워갈 수 있는 수련과 체험의 장으로서 대강당, 야영장, 챌린지코스, 서바이벌게임 등의 체험시설과 가족단위 방문객을 위한 펜션도 운영 중입니다.",반딧불이생태공원,"영양 밤하늘·반딧불이공원 입구에 위치하고 있으며, 습지와 하늘광장, 야생허브원, 숲속쉼터 등으로 구성되어 있어 자연에서 휴식을 취할 수 있습니다.<P>특히 6월에서 9월까지는 청정지역에만 서식하는 반딧불이를 관찰할 수 있고 반딧불이 탐사체험도 할 수 있습니다.",반딧불이 탐사행사,"반딧불이탐사, 맨손 은어잡기, 소망풍선날리기 및 각종 체험 등",1박2일 가족 천문캠프,"천체망원경 조작실습, 천체관측, 각종 만들기 체험 등",조지훈과 주실마을,"주실마을은 청록파 시인이자 국문학자인 조지훈의 생가인 호은종택이 자리잡고 있는 마을입니다. 아름다운 주실숲과 빛을 찾아가는 길이라 새겨진 조지훈의 시비가 새겨져 있으며, 마을에는 시비공원과 지훈문학관이 있습니다. 지훈문학관에 들어서면 조지훈의 대표 시 “승무”가 흘러나오고 시인의 삶과 정신을 살펴볼 수 있는 다양한 유물이 전시되어 있습니다. 매월 5월이면 시인 조지훈의 업적을 기리는 ‘지훈예술제’가 열립니다. 경북 영양군 일월면 주곡리에 위치하고 있습니다.",음식디미방과 두들마을,"음식디미방을 풀어보면 ‘음식의 맛을 아는 방법’입니다. 정부인 장계향이 400여 년 전에 쓴 한글조리서이다. 옛날과 오늘의 식문화를 비교 연구하는데 소중한 자료이며, 거의 사라져 버린 옛 조리법을 발굴할 수 있는 지침서로서도 가치가 있습니다. 두들마을에서는 영양 양반가의 음식을 맛볼 수 있습니다. 또한 두들마을은 조선시대 광제원이 있던 곳으로 석계고택, 석천서당, 정부인장씨유적비, 광산문학연구소, 유우당 등의 고택과 문화재가 모여 있는 명소입니다. 이문열의 소설 “선택”의 직접적인 배경이며, “황제를 위하여”, “우리들의 일그러진 영웅” 등에서도 인물들의 삶의 역정이 펼쳐지던 무대로 그려졌던 곳입니다. 경북 영양군 석보면 원리리에 위치하고 있습니다.",,,울진 왕피천,,"생태관광수하2,3리 지역발전협의회",054-682-6822
김해 화포천습지,"화포천은 길이가 21.2㎞, 유역면적이 137.45㎢에 달하며, 자연형 하천습지의 특성을 지닌 우리나라의 대표적 습지 중 하나지만. 과거에는 하류에 매립장이 들어설 정도로 방치되고 오염되어 있었습니다. 하지만 2008년 노무현 대통령이 화포천 생태환경복원에 나서면서 지역주민들과 시민들의 동참으로 생태계를 복원하여 현재는 멸종위기 생물 13종이 서식하며, 전 세계적으로도 멸종위기 종인 황새(봉순이)가 도래하는 등 현재는 김해의 대표적 생태계 우수지역으로 지역주민들의 노력으로 복원된 의미가 있습니다. 화포천과 봉하마을은 화포천습지 생태공원화 사업과 국가생태탐방로 조성사업, 봉하마을 생태문화공원 조성사업 등을 실시하여 생태관광 기반시설을 갖추고 매월 특색있는 생태체험 프로그램을 운영하고 있어 생태체험 프로그램 위주로 특화된 생태관광지로 보는 관광이 아닌 체험하는 관광을 지향하고 있습니다. 화포천과 인접한 봉하마을은 친환경 생태농업으로 화포천을 찾는 철새들의 중요한 먹이터 역할을 하고 있으며, 노무현 대통령께서 봉하마을로 귀향 후 화포천 살리기를 주도하면서 화포천과 밀접한 지역으로 연간 28만 명의 관광객이 방문하는 역사문화 관광지입니다.",김해 화포천습지 생태공원,http://hwapo.gimhae.go.kr/main/,김해 문화관광,http://tour.gimhae.go.kr/main/,,,화포천습지 생태박물관,"화포천습지 생태박물관은 연면적 828.8㎡ 규모의 건물로 1층 휴게실, 2층 사무실 및 교육관, 3층 전시관 및 야외탐조대로 되어 있으며, 습지생태계의 생물을 관찰, 교육, 체험할 수 있도록 하여 시민들에게 환경의 중요성을 일깨워주는 생태학습 문화공간입니다.",봉하마을 생태문화공원,"봉하마을 생태문화공원은 국가보존묘역인 노무현 대통령 묘역을 중심으로 봉화산 기슭으로부터 봉하들판에 걸쳐져 있으며, 생태적으로 건강하고 아름다운 농촌마을을 체험하고 배울 수 있는 장소입니다.",봉하마을,"봉하마을은 주호, 용성, 본산, 금봉, 봉하 등의 본산리 5개 마을 가운데 하나로 진영단감과 벼농사를 주로 하고 있는 전형적인 농촌마을입니다. 봉화산 봉수대 아래에 있는 마을이라 하여 봉하(烽下)마을’이라 합니다. 노무현 전 대통령의 생가, 대통령의 집, 대통령의 길, 묘소 등으로 구성되어 있습니다.",독수리 먹이주기,매년 겨울 화포천을 찾는 200여마리의 독수리 먹이주기 및 5000여 마리의 겨울철새 생태에 대해 배우고 탐조 활동입니다.,화포천습지 생태체험 프로그램,계절마다 생생한 자연그대로의 모습을 연출하는 화포천습지 생태공원에서 습지 생물을 주제로 습지 탐방 및 만들기 체험입니다.,낙동강 레일파크,"레일바이크와 와인동굴이 함께하는 국내 유일의 철도테마파크로 낙동강 횡단 철교 위에서 레일바이크를 타고 달리면 낙동강의 시원한 경치를 한눈에 볼 수 있습니다. 또한 와인동굴, 열차카페, 철교전망대 등이 조성되어 있어 온가족이 함께 다양한 체험을 즐길 수 있습니다.",가야테마파크,"한반도의 찬란한 유산인 가야의 역사를 놀이, 체험, 전시를 통해 보고, 듣고 만지며 배울 수 있는 오감체감형 가족테마파크입니다. 매일매일 펼쳐지는 화려하고 즐거운 문화공연과, 최대 규모의 친환경 어드벤처 시설, 각종체험 등으로 가야의 혼과 기상을 느껴 볼 수 있습니다.",,,부산 낙동강 하구,창녕 우포늪,화포천습지 생태박물관,055-342-9834
밀양 사자평습지와 재약산,"밀양 재약산 사자평 고산습지는 약 0.58k㎡로 국내 최대 규모의 산지습지입니다. 재약산 정상부의 평탄한 곳에 형성되어 있으며, 환경부에서 2006년 ‘습지보전법’에 의거 ‘산들늪 습지보호지역’으로 지정고시하였으며, 2009년 ‘사자평 고산습지’로 명칭 변경되었습니다. 습지보호지역은 해발 1,000m 이상의 산지가 연이어 나타나는 영남알프스 지역의 재약산 수미봉(1,108m) 정상에서 남동쪽능선부에 위치합니다. 영남알프스는 경상남도 밀양시 산내면과 울산광역시 울주군 상북면, 그리고 경상북도 청도군 운문면에 걸쳐 해발 1,000m 이상의 산들로 이어진 산지를 일컫습니다. 국내 유일의 은줄팔랑나비(멸종위기 야생생물 Ⅱ급 곤충) 집단 서식지 천년고찰 표충사 뒤에 우뚝 솟은 재약산(수미봉)은 영남알프스산군 중 하나로 사자평 억새와 습지를 한 눈에 볼 수 있는 아름다운 명산입니다.",밀양 문화관광,http://tour.miryang.go.kr/main/,,,,,표충사 계곡,"표충사를 중심으로 왼쪽과 오른쪽에 각각 금강동천과 옥류동천의 두 계곡물이 흘러 시전천으로 만나고, 옥류동천을 거슬러 올라가면 흑룡폭포와 층층폭포를 거쳐 억새밭으로 잘 알려진 사자평습지와 재약산 방면으로 이어집니다.",사자평습지,"사자평습지는 영남알프스의 중심부에 해당하는 재약산 남동쪽 사면 해발 750m 부근에 형성되어 있습니다. 이곳에는 매, 삵, 하늘다람쥐 같은 멸종 위기 동물을 비롯해 다양한 생물이 서식합니다. 환경부가 이곳을 보전 가치 높은 생태계로 인정, 2006년 12월 습지 보호 지역으로 지정했습니다.<P>면적 0.58k㎡로 전국의 산지 습지 중 규모가 가장 큽니다.",층층폭포(層層瀑布),"표충사 남쪽 계곡을 따라 사자평으로 올라가는 길목에 있는 폭포입니다. 사자평은 100만 평을 넘는 분지로, 층층폭포의 수량에 영향을 주어 떨어지는 수량은 많은 편입니다. 폭포높이는 30미터로 장관입니다.<P>사자평 끝에서 떨어지는 물이 절벽에 층을 지어 떨어집니다.",,,,,표충사,"영남알프스라 불리는 밀양 재약산(해발 1,108m)기슭에 자리하는 표충사는 유생들을 교육하고 성현들을 제사하는 표충서원이 사찰영역 안에 있어 불교와 유교가 한 자리에 공존하는 특색 있는 사찰입니다. 신라 무열왕 원년(654년)에 원효대사가 창건하여 죽림사(竹林寺)라 한 것을 신라 흥덕왕 때부터 영정사(靈井寺)라 하였고, 1839년(헌종5)에는 임진왜란 때 승병을 일으켜 국난을 극복한 서산, 사명, 기허대사를 모신 표충사당(表忠祠堂)을 이곳으로 이건(移建)하면서 절 이름도 표충사(表忠寺)가 되었습니다. 표충사는 신라시대 때부터 고려시대까지 보우국사(889), 삼국유사의 저자인 일연국사(1286), 천희국사(1290)가 선풍을 관장하여 일국의 명찰이 되었습니다. 조선시대 후기에는 사명대사의 8세(世) 법손(法孫)인 월파당 천유(月坡堂天有)화상이 8도 도총섭(八道都摠攝)에 올라 전국사찰(八道寺刹)의 승규(僧規)와 풍기(風紀)를 감찰 단속하는 규정소(糾正所)가 설치되었으며, 근대에는 조계종 종정과 통합종단의 초대 종정을 지낸 효봉(曉峰)선사가 주석하다가 입적한 곳입니다. 예부터 명산유곡으로 이름이 높았던 표충사 일대에는 수많은 고승대덕들이 남긴 각종 전설들이 전해 옵니다.",얼음골,"해발 1,189m의 천황산 북쪽 중턱 해발 600m지점의 얼음골 계곡은 삼복(三伏)한더위에 얼음이 얼고 처서가 지날 무렵부터 얼음이 녹는 신비로운 이상기온 지대입니다. 약 3,000평쯤 되는 이 돌밭에는 해마다 6월 중순부터 바위틈새에서 얼음이 얼기 시작하여 더위가 심해질수록 얼음이 더욱 많아지는 삼복더위가 한창일 때 그 절정에 이르고, 반대로 가을철에 접어들면서부터 얼음이 녹기 시작하여 겨울철에는 바위틈에서 얼음대신 더운김이 올라오고 계곡을 흐르는 물도 얼지 않는 이상기온 지대입니다.",,,창녕 우포늪,울산 태화강,(사)밀양사자평습지와재약산생태관광협의회,055-359-5007
제주 저지곶자왈과 저지오름,"저지곶자왈은 도너리오름에서 31,000년 전 흐른 용암으로 형성된 상록수림지역으로 종가시나무, 개가시나무, 예덕나무 등과 양치류, 덩굴식물들이 우거져 약 1,000여 종의 생물이 서식합니다. 생물다양성이 높아 저지곶자왈의 일부가 유네스코생물권보전지역 협력(전이)구역에 포함되어 있습니다. 저지곶자왈과 함께 생태관광지로 지정된 저지오름은 저지마을 한가운데 우뚝 솟아있으며 아름다운 숲길과 정겨운 돌계단이 인상적인 오름입니다.",저지생태관광마을,http://www.ecovil.net,제주 관광 포털사이트,https://www.visitjeju.net/kr, , ,저지곶자왈 (한수풀),"저지곶자왈은 한경-안덕 곶자왈 지대의 월림-신평 곶자왈내에 포함되며 용암공급처는 도너리오름으로 31,000년 전에 형성된 용암으로서 매우 젊은 용암이며(송시태, 2000) 여기에는 용암동굴, 압력돔(tumulus), 용암교, 용암상승과 거대 절리가 관찰되며, 일부 용암의 함몰지형은 지하 용암동굴의 천장이 무너지면서 형성된 붕괴도랑(collapse trench)으로 해석되며 모두 보존가치가 높은 곳입니다.(제주녹색환경지원센터, 2014).",저지오름 (당오름·닥오름·새오름),"저지오름은 닥몰오름 또는 새오름이라고도 부릅니다. 비고 100미터, 둘레 1540미터로 약 40분 정도면 정상에 오릅니다. 저지오름(楮旨岳)이란 호칭은 마을이름이 ‘저지’로 되면서부터 생긴 한자명이라 합니다. 그전까지는 ‘닥몰오름’이라 불렀으며, 저지의 옛 이름은 '닥모루'(닥몰)였습니다. 이는 닥나무(楮)가 많았다는데서 연유한 것이고, 한자이름은 한자의 뜻을 빌어서 표기한 것이라고 전해집니다. 2007년 제 8회 아름다운 숲 전국대회에서 생명상(대상)을 수상한 오름으로 오르는 숲길이 아주 인상적입니다. 또한 돌계단이 아주 정겹게 놓여 있어 오름 오르는 맛이 남다릅니다. 정상에 올랐을 때 한라산은 남북으로 뻗은 가장 아름답고 웅장한 모습으로 다가옵니다.",용선달리,"최초의 마을이 시작된 곳으로 약 400년전 물골경내 물을 따라 전주이씨가 정착 마을을 이루었다는 곳입니다. 4.3당시 마을이 없어졌으며, 이곳 지명이 도수장가름이란 곳이 있습니다. 아마도 소나 말을 잡던 곳이어서 그런 이름이 남아 있나 봅니다. 또한 하르방당이 있는데 불미쟁이(대장장이)나 백정들이 모셨을 가능성이 있는 당으로 팽나무가 신목입니다.",감귤따기,저지리 감귤농장에서 노지 감귤따기를 체험 할 수 있다.,딸기따기 및 딸기수제비 만들기,"저지리 딸기농장에서 딸기따기 체험도 하고, 딸기 수제비를 만들어 먹을 수 있다.",청수곶자왈,"청수곶자왈은 다른 곶자왈과 다르게 남녀노소 편하게 걸을 수 있는 곳입니다. 제주의 자연이 그대로 살아있는 청수곶자왈은 6월에서 8월 사이 반딧불이 축제를 하며, 반딧불이를 집단으로 볼 수 있는 곳입니다.",,,,,제주 동백동산습지,서귀포 효돈천과 하례리,생물권보전지역 저지리 생태관광 협의체,064-772-2948
철원 DMZ 두루미평화타운 및 철새도래지,"‘DMZ두루미평화타운’은 다양한 두루미와 조류, 그리고 야생동물을 특정기간 뿐만 아니라 언제든 누구나 다양한 정보를 얻을 수 있습니다. 두루미 체험학습을 통해 우리의 삶과 평화로운 생태계의 공존을 위해 대책과 방법을 찾아보고자 합니다.",철원군 관광문화,http://tour.cwg.go.kr/site/tour/main.do,철원 DMZ 두루미평화타운,http://www.cwg.go.kr/site/dmzmpt/sub.do?key=2993,,,월정리역 및 두루미관,"월정리역은 대한민국 강원도 철원군 철원읍 홍원리에 있는 경원선의 철도역입니다. 이 역은 1950년 6월 25일 한국 전쟁이 발발하면서 폐역 되었고, 철원역과 함께 민통선 이남에 있습니다. 최북단에 위치한 월정리역에는 철마는 달리고 싶다는 팻말과 함께 전쟁의 상처가 고스란히 남아있는 곳입니다. <P>※ 두루미관은 폐쇄되어 있던 구 철의삼각전망대에 철새들이 모여들었습니다. 그 후 청정지역 철원에 대한 홍보 및 두루미와 철새를 주제로 전시하는 전시관이 되었습니다.",DMZ철새평화타운,"DMZ철새평화타운은 양지초등학교를 리모델링하여 2016년 11월 개관하였습니다. 철원 두루미서식지에 대한 연구사업 및 시범사업의 원활한 추진을 위하여 지역주민 및 지역단체, 관계 기관, 전문가 등으로 구성된 협의체를 구성하고, 철원 두루미 서식지의 보전과 현명한 이용을 위하여 DMZ철새평화타운을 운영하고 있습니다.",약천교,약천교 주변은 철원평야로 이루어져 있습니다. 철원평야는 신생대지층으로 현무암의 분출로 생긴 용암대지입니다. 구멍이 숭숭 뚫린 현무암을 통해 많은 물이 지하로 들어가며 모래층을 통과하면서 물은 깨끗하게 정수되어 단단한 화강암층에 고이게 됩니다. 그래서 철원지역은 양질의 지하수와 얼지 않는 샘을 곳곳에서 쉽게 볼 수 있습니다. 약천교 주변은 샘통에서 흐르는 물과 용암대지위에 낟알들 두루미와 철새들에게는 최고의 월동지입니다.,뚜루교실,"동식물 보호교육, 두루미 에코백 만들기, 그림그리기 등",겨울철새 탐조투어,두루미 등 다양한 겨울철새를 관찰할 수 있는 탐조활동,,,,,,,양구 DMZ,,DMZ 철새평화타운,033-452-9989
옹진 백령도 하늬해변과 진촌리 마을,"천연기념물 제 331호, 멸종위기야생생물2급, 해양보호생물로 지정된 점박이물범을 비롯하여 멸종위기종 노랑부리백로, 저어새 등의 중간 기착지로서 중요한 역할을 가지고 있는 지역입니다.",,,,,,,물범 바위,"진촌리 하늬 바닷가에 천연기념물 331호로 지정되어 보호받고 있는 물범이 수면에 잠길 듯 말 듯 한 바위에 옹기종기 모여 집단 서식을 하고 있다. 매년 봄부터 늦가을까지 육안으로 관찰할 수 있으며, 국내에서 가장 큰 서식지로 300여 마리가 여름을 보낸다.",진촌리 마을,"면적 18.42㎢, 인구 642명이 거주하는 진촌리 마을은 백령도 동쪽에 위치하며 도시재생 뉴딜사업(심청이 마을)과 함께 사람과 자연, 환경이 조화를 이루는 생태마을로 운영되고 있다",감람암 포획 현무암,"진촌리의 감람암 포획현무암 분포지는 지구 속 수십㎞ 아래의 마그마가 지표면으로 상승하면서 맨틀을 구성하는 암석인 감람암이 분출할 때 함께 올라와 만들어진 곳으로, 지구 지하 깊은 곳의 상태를 연구하는 매우 중요한 자료로 활용되고 있으며, 천연기념물 제393호로 지정되어 있다.",유람선,"백령도는 인천에서 228km, 북한의 황해도 장연군과는 직선거리로 10km 떨어져 있는 대한민국에서 8번째로 큰 섬으로, 이런 지정학적 위치로 인해 자연과 환경이 비교적 잘 보존되고 있습니다.",,,두무진,두무진은 백령도 북서쪽 약 4㎞에 걸친 해안선에 따라 오랜 세월동안 파도와 비바람에 깎여 만들어진 높이 50여m 내외의 규암절벽을 일컫는 이름이다. 두무진이라는 명칭은 ‘뾰족한 바위들이 많아 생김새가 머리털 같이 생겼다’하여 두모진(頭毛鎭)이라 칭하였다가 뒤에 ‘장군머리와 같은 형상을 이루고 있다’하여 두무진(頭武鎭)이라 개칭하였다는 전설이 전해지고 있다.,심청각,"심청이 아버지 심봉사 눈을 뜨게 하기 위해 공양미 삼백석에 몸을 던진 인당수와 심청이 환생했다는 연봉바위 등 백령도가 심청전의 무대였던 사실을 기리기 위해 인당수와 연봉바위가 동시에 내려다 보이는 곳에 심청각을 건립하여 전통문화를 발굴, 계승함과 아울로 “효” 사상을 함향하고 망향의 아픔을 가진 실향민에게 고향을 그리고 있다.",콩돌해안,"백령도의 지형과 지질의 특색을 나타내고 있는 곳 중의 하나로 색상이 백색, 갈색, 회색, 적갈색, 청회색 등으로 형형색색을 이루고 있어 해안경관을 아름답게 하고 있다. 콩알만한 크기의 작고 둥근 자갈들이 해안에 지천으로 깔린 화동의 콩돌해변은 그 돌을 밟는 것만으로도 신비한 경험이며 맑고 푸른 바다와 조화를 이룬 이색적인 해변으로 잘 알려지지 않은 덕분에 자연 그대로의 정취를 느낄 수 있다.",,,,
창원 주남저수지,"주남저수지는 오랜 옛날부터 동읍, 대산면 농경지에 필요한 농업용수를 공급해주던 낙동강 배후습지였으나 1920년 농업용수 공급 및 홍수조절을 위해 둑방을 축조하여 현재의 산남·주남·동판저수지로 모습을 갖추었다. 주남저수지는 1970년대 중반까지만 해도 누구의 관심도 받지 못하고 인근 주민에게 계절마다 민물새우, 민물조개, 민물고기와 같은 먹을거리와 갈대, 억새와 같은 땔감을 제공하는 거대 저수지일 뿐이었으나 1970년대 후반과 1980년대에 들어서면서 가창오리 등 수만 마리의 철새가 도래하여 월동하면서 철새도래지로서 각광받기 시작했다. 현재는 람사르 습지 기준을 상회하는 국내 최대의 내륙습지로 주목받고 있으며 특히 재두루미의 월동과 약 5만개체 이상의 철새를 관찰할 수 있는 철새도래지이다.",주남저수지 홈페이지,https://www.changwon.go.kr/depart/contents.do?mId=0315010000,주남환경학교 홈페이지,https://www.jnschool.kr/main/main.php,창원시청 푸른도시사업소 주남저수지과,전화번호 : 055-225-3481,람사르문화관,2008년 제10차 람사르총회를 기념하여 2층 규모로 건립되었으며 습지 및 관련 문화 등에 대한 전시와 람사르문화관 뒤편 체험습지와 연계한 환경교육이 이루어지는 시설물,탐조대,확 트인 시야와 설치된 쌍안경으로 매우 가깝게 철새 관찰이 가능한 시설물로 주남저수지 둑방길과 인접하여 2층 규모로 건립되어 있어 주남저수지에 도래하는 철새를 한눈에 들여다 볼 수 있음,"주남저수지(주남, 산남, 동판 저수지)","총 898ha(주남저수지 403ha, 동판저수지 399ha, 산남저수지 96ha)의 국내 최대의 내륙습지로 축구장 1,400여 개의 면적을 토대로 매년 수만 마리의 겨울 철새가 도래하는 철새도래지",겨울 철새 탐조교실,"동양 최대의 철새도래지인 주남저수지에서 생태환경·철새의 올바른 이해와 인식을 위한 프로그램으로 철새의 생태, 월동 조건, 특징과 더불어 겨울 철새를 직접 관찰할 수 있는 교육 프로그램",주남저수지 도예체험교실,"다호리토기, 오리접시, 연잎접시 등 주남저수지의 특색을 반영한 도예체험으로 자연 및 인문환경적 특성에 대한 흥미 유발 및 이해도 증진에 기여하는 프로그램",주남돌다리,경상남도문화재자료 제225호로 지역주민에 의해 주남새다리라고도 불림 800여 년 전 지역주민에 의해 정병산 봉우리에서 길이 4m가 넘는 자웅석을 옮겨와 다리를 놓았다는 전설이 전해지고 있으며 1967년 큰비로 붕괴되었다가 1996년 역사 교육장으로서 복원하였음,창원향토자료전시관,창원의 근현대 역사자료 약 29만 여점을 전시·보전관리하는 시설로 2008년 (사)창원향토문화보존회에서 건립하였음. 공공이용 목적의 각종 자료를 제공하며 무료로 근현대 역사자료를 관람할 수 있으며 추억을 회상하며 추억을 만들 수 있는 추억의 옛 교복 무상대여 프로그램을 진행하고 있음,단감테마공원,"우리나라 최초로 단감을 재배한 역사적 가치와 최고 품질을 자랑하는 창원단감의 우서성을 널리 홍보하고자 2013년부터 약 3년간 조성한 최대 규모의 단감테마공원, 단감나무 분양, 단감을 활용한 비누, 염색 손수건, 초콜릿 만들기, 전통장 담그기 등 다양한 체험 프로그램을 만끽할 수 있음",김해 화포천 아우름길,창녕 우포늪 생명길,,
옥천 대청호 안터지구,"천혜의 자연생태와 수려한 경관을 가지고 있고, 멸종위기 야생동물 수달과 삵, 운문산반딧불이의 서식지로서의 역할을 하는 청정지역이다.",,,,,,,향수호수길,옥천읍 수북리 선사공원에서 안내면 장계리 주막마을까지(5.6㎞) 대청호반의 멋진 경관을 따라 조성된 생태문화탐방로다.,장계관광지,아름다운 대청호반이 한눈에 내려다보이는 옥천의 유일한 관광단지다. 도심 속 매연과 스트레스에 지친 사람들을 위한 힐링터로 한적한 호숫가를 산책하며 사색에 잠겨보기 좋다.,둔주봉 한반도 지형,"둔주봉 정상(384m)에 오르기 전, 전망대(275m)에서 보이는 한반도 지형은 굽이굽이 금강 줄기가 만들어 낸 절경이다.",,,,,부소담악,그 절경이 금강산을 축소해 놓은 것 같아 우암 송시열 선생이 소금강이라 이름 지어 노래했다고 전해오는 명소다. 본래 산이었으나 대청댐 준공으로 산의 일부가 물에 잠겨 마치 물 위에 바위가 떠 있는 형상이 되었다.,옛 37번 국도변 벚꽃길,"매년 4월, 만개하는 벚꽃이 아름다운 길로 향수옥천 100리길의 시작점이다. 봄엔 흩날리는 벚꽃, 여름엔 신록, 가을엔 단풍, 겨울엔 하얀 눈꽃이 아름답다.",용암사 일출,천년 고찰 옥천 용암사에서 데크 길을 따라 180m 정도 산을 오르면 전망대(운무대)가 나타난다. 새벽녘 운해와 일출은 미국 CNN go가 선정한 ‘한국의 아름다운 50곳’에 포함될 정도로 뛰어난 풍광을 자랑한다.,,,,
